ETR96685.1	MER0148915-familyS9non-peptidasehomologues(Cionaintestinalis)[S09.UNW]#S09X#{peptidaseunit:35-203}~sourceENSCINP00000012870~	5.3e-31	39.6	169
ETR96711.1	MER0214723-familyS9unassignedpeptidases(Spirosomalinguale)[S09.UPW]#S09X#{peptidaseunit:184-417}~sourceYP_003391302~	8e-16	36.9	141
ETR96729.1	MER0213217-familyS33unassignedpeptidases(Chaetomiumglobosum)[S33.UPW]#S33#{peptidaseunit:107-374}~sourceXP_001226344~	4.1e-55	40.4	270
ETR96737.1	MER0983867-subfamilyS8Aunassignedpeptidases(Trichodermareesei)[S08.UPA]#S08A#{peptidaseunit:107-329}~sourceG0RXK6~	2.3e-122	100	223
ETR96768.1	MER0314821-aorsin(Trichodermareesei)[S53.007]#S53#{peptidaseunit:202-632}~sourceEGR44148~	1.8e-252	100	431
ETR96770.1	MER1070231-grifolisin(Trichodermareesei)[S53.010]#S53#{peptidaseunit:215-607}~sourceG0RXE9~	4.5e-232	100	393
ETR96791.1	MER0276307-familyG1unassignedpeptidases(Trichodermareesei)[G01.UPW]#G01#{peptidaseunit:57-268}~sourceEGR44169~	2.9e-117	100	212
ETR96806.1	MER1005093-familyS12unassignedpeptidases(Trichodermareesei)[S12.UPW]#S12#{peptidaseunit:23-309}~sourceA0A024RXY1~	3.2e-165	100	287
ETR96845.1	MER0060258-hypothetical47kDaprotein({Saccharomycescerevisiae})(Gibberellazeae)[M28.A05]#M28X#{peptidaseunit:201-379}~sourceXP_382255~	2.5e-86	87.6	177
ETR96859.1	MER1094825-familyT2unassignedpeptidases(Pestalotiopsisfici)[T02.UPW]#T02#{peptidaseunit:54-318}~sourceW3WJE0~	5.3e-95	63.9	277
ETR96862.1	MER0152993-familyS9non-peptidasehomologues(Scheffersomycesstipitis)[S09.UNW]#S09X#{peptidaseunit:328-476}~sourceABN66736~	1.8e-23	53.6	97
ETR96867.1	MER0852976-subfamilyM20Fnon-peptidasehomologues(Trichodermareesei)[M20.UNF]#M20F#{peptidaseunit:419-895}~sourceA0A024RVI9~	2.7e-278	100	477
ETR96875.1	MER0295897-fungalysin(Trichodermareesei)[M36.001]#M36#{peptidaseunit:251-640}~sourceEGR44217~	1.2e-232	100	390
ETR96899.1	MER0412697-familyM41non-peptidasehomologues(Solanumtuberosum)[M41.UNW]#M41#{peptidaseunit:385-549}~sourcePGSC0003DMP400021722~	2.9e-17	44	116
ETR96905.1	MER0183518-familyS9non-peptidasehomologues(Ochotonaprinceps)[S09.UNW]#S09X#{peptidaseunit:31-203}~sourceENSOPRP00000014044~	2.1e-06	32.3	127
ETR96921.1	MER0446788-familyC26unassignedpeptidases(Fusariumoxysporum)[C26.UPW]#C26#{peptidaseunit:3-246}~sourceEGU76060~	7.8e-69	52.2	245
ETR96933.1	MER0713504-familyC19unassignedpeptidases(Trichodermareesei)[C19.UPW]#C19#{peptidaseunit:264-777}~sourceG0RWW6~	9.6e-304	100	514
ETR96934.1	MER0474067-PepBaminopeptidase(Ceratitiscapitata)[M17.004]#M17#{peptidaseunit:74-403}~sourceXP_004532375~	1.7e-12	68.6	51
ETR96938.1	MER0057464-familyS9non-peptidasehomologues(Thermobisporabispora)[S09.UNW]#S09X#{peptidaseunit:1135-1317}~sourceGEBA2500199435~	4.1e-09	27.4	179
ETR96943.1	MER0295850-familyC26non-peptidasehomologues(Nematostellavectensis)[C26.UNW]#C26#{peptidaseunit:61-329}~sourceXP_001621066~	0.00021	34.7	101
ETR96950.1	MER0213330-familyS33unassignedpeptidases(Magnaportheoryzae)[S33.UPW]#S33#{peptidaseunit:9-347}~sourceXP_367716~	9.9e-150	73.5	340
ETR96955.1	MER0999770-familyS9unassignedpeptidases(Pilodermacroceum)[S09.UPW]#S09X#{peptidaseunit:92-481}~sourceA0A0C3EXR5~	2.6e-141	61.9	388
ETR96996.1	MER0313870-RCE1peptidase({Homosapiens}-type)(Trichodermareesei)[M79.002]#M79#{peptidaseunit:10-304}~sourceEGR44294~	2.6e-167	100	295
ETR97039.1	MER0296433-Rim13peptidase(Trichodermareesei)[C02.008]#C02A#{peptidaseunit:119-350}~sourceEGR44348~	6e-139	100	232
ETR97044.1	MER0126064-familyS54non-peptidasehomologues(Magnaporthegrisea)[S54.UNW]#S54#{peptidaseunit:60-188}~sourceEDK00628~	3.3e-61	87.7	130
ETR97049.1	MER0032426-subfamilyM24Bunassignedpeptidases(Aspergillusoryzae)[M24.UPB]#M24B#{peptidaseunit:181-535}~sourceAO070325000146~	2.8e-149	68.4	358
ETR97053.1	MER0064552-familyM38non-peptidasehomologues(Gibberellazeae)[M38.UNW]#M38#{peptidaseunit:60-392}~sourceXP_391334~	3.8e-112	56	336
ETR97059.1	MER0708421-familyC19unassignedpeptidases(Trichodermareesei)[C19.UPW]#C19#{peptidaseunit:345-637,656-706}~sourceG0RWQ7~	9.4e-198	95	362
ETR97073.1	MER0802748-familyI87unassignedpeptidaseinhibitors(Trichodermareesei)[I87.UPW]#I87#{inhibitorunit:23-258}~sourceA0A024RVG4~	1.7e-122	100	236
ETR97085.1	MER0032527-subfamilyS9Bnon-peptidasehomologues(Aspergillusoryzae)[S09.UNB]#S09B#{peptidaseunit:20-283}~sourceAO070261000016~	6e-103	72.2	270
ETR97123.1	MER0850829-subfamilyM20Dnon-peptidasehomologues(Pseudozymabrasiliensis)[M20.UND]#M20D#{peptidaseunit:132-460}~sourceV5EBX0~	1.7e-30	41.8	184
ETR97169.1	MER1008291-familyS12unassignedpeptidases(Trichodermareesei)[S12.UPW]#S12#{peptidaseunit:16-363}~sourceA0A024RVH4~	1.2e-201	100	348
ETR97180.1	MER0975957-subfamilyS8Aunassignedpeptidases(Trichodermareesei)[S08.UPA]#S08A#{peptidaseunit:147-382}~sourceA0A024RYC3~	3e-131	100	236
ETR97191.1	MER0209372-familyS33unassignedpeptidases(Botryotiniafuckeliana)[S33.UPW]#S33#{peptidaseunit:266-608}~sourceXP_001546622~	1.7e-120	65.4	353
ETR97201.1	MER0605028-familyC19non-peptidasehomologues(Neurosporacrassa)[C19.UNW]#C19#{peptidaseunit:795-1200}~sourceXP_960418~	1.3e-123	53.9	408
ETR97220.1	MER0330937-nup189({Schizosaccharomycespombe})(Trichodermareesei)[S59.A07]#S59#{peptidaseunit:894-1044}~sourceEGR44470~	2.9e-83	100	151
ETR97229.1	MER1005925-familyS12unassignedpeptidases(Trichodermareesei)[S12.UPW]#S12#{peptidaseunit:69-406}~sourceA0A024RVN4~	2e-197	100	338
ETR97261.1	MER0157926-familyS9non-peptidasehomologues(Dipodomysordii)[S09.UNW]#S09X#{peptidaseunit:1-143}~sourceENSDORP00000010931~	8.7e-10	31.6	158
ETR97287.1	MER0480584-YFR006Wg.p.({Saccharomycescerevisiae})(Trichodermaatroviride)[M24.A09]#M24B#{peptidaseunit:185-490}~sourceEHK48585~	1.3e-144	81.3	310
ETR97302.1	MER0211021-familyS33unassignedpeptidases(Gibberellazeae)[S33.UPW]#S33#{peptidaseunit:96-351}~sourceXP_386673~	8.4e-80	55	260
ETR97306.1	MER0383872-subfamilyA1Aunassignedpeptidases(Trichodermareesei)[A01.UPA]#A01A#{peptidaseunit:107-420}~sourceEGR45717~	1.3e-180	100	314
ETR97326.1	MER0448512-familyC26unassignedpeptidases(Neurosporacrassa)[C26.UPW]#C26#{peptidaseunit:187-541}~sourceXP_957732~	2.2e-143	67.6	355
ETR97327.1	MER0348145-subfamilyC2Aunassignedpeptidases(Trichodermareesei)[C02.UPA]#C02A#{peptidaseunit:156-432}~sourceEGR45726~	2.2e-166	100	277
ETR97348.1	MER0033308-hypotheticalORFYnl320wp({Saccharomycescerevisiae})(Neurosporacrassa)[S09.A35]#S09X#{peptidaseunit:1-313}~sourceQ7SDX9~	4.5e-127	71.4	297
ETR97350.1	MER1145302-familyI83unassignedinhibitors(Syphaciamuris)[I83.UPW]#I83#{inhibitorunit:433-503}~sourceSMUV_0000551201~	6.5e-08	38.6	70
ETR97407.1	MER0968942-subfamilyS8Aunassignedpeptidases(Trichodermareesei)[S08.UPA]#S08A#{peptidaseunit:636-874}~sourceA0A024RX54~	5.4e-136	100	239
ETR97429.1	MER0209306-familyS33non-peptidasehomologues(Talaromycesstipitatus)[S33.UNW]#S33#{peptidaseunit:20-280}~sourceXP_002486337~	2.4e-85	55.7	262
ETR97434.1	MER0280459-acidprolylendopeptidase({Aspergillus}sp.)(Trichodermareesei)[S28.004]#S28#{peptidaseunit:30-522}~sourceEGR44647~	1.4e-301	100	493
ETR97446.1	MER0129460-familyS9non-peptidasehomologues(Pedobacterheparinus)[S09.UNW]#S09X#{peptidaseunit:7-193}~sourceGEBA2500404676~	3.1e-07	24.6	167
ETR97461.1	MER0064179-proteasomesubunitalpha4(Gibberellazeae)[T01.973]#T01A#{peptidaseunit:33-239}~sourceXP_385541~	2.3e-113	98.6	207
ETR97484.1	MER0511362-acetylcholinesterase(Macrophominaphaseolina)[S09.979]#S09X#{peptidaseunit:117-262}~sourceEKG12322~	2.2e-48	65.5	145
ETR97487.1	MER0327830-SPCC1442.07cg.p.({Schizosaccharomycespombe})(Trichodermaatroviride)[M80.A04]#M80#{peptidaseunit:111-290}~sourceEHK50934~	6.4e-89	90.7	182
ETR97497.1	MER0114579-familyS33unassignedpeptidases(Emericellanidulans)[S33.UPW]#S33#{peptidaseunit:109-367}~sourceEAA62579~	1.6e-24	33.2	238
ETR97507.1	MER0947185-familyC115homologues,unassigned(Trichodermareesei)[C115.UPW]#C115#{peptidaseunit:97-372}~sourceXP_006969488~	1.3e-157	100	276
ETR97531.1	MER0280243-acidprolylendopeptidase({Aspergillus}sp.)(Trichodermareesei)[S28.004]#S28#{peptidaseunit:51-524}~sourceEGR44603~	7.8e-297	100	474
ETR97532.1	MER0157926-familyS9non-peptidasehomologues(Dipodomysordii)[S09.UNW]#S09X#{peptidaseunit:1-143}~sourceENSDORP00000010931~	3.8e-16	32	147
ETR97540.1	MER0571187-subfamilyM20Aunassignedpeptidases(Cucumismelo)[M20.UPA]#M20A#{peptidaseunit:25-331}~sourceXP_008464599~	2.1e-11	36.5	96
ETR97603.1	MER0378941-gamma-glutamyltransferase({Schizosaccharomyces}-type)(Hypocreavirens)[T03.011]#T03#{peptidaseunit:30-552}~sourceEHK19442~	6.2e-273	88.5	523
ETR97618.1	MER0065426-familyS33unassignedpeptidases(Gibberellazeae)[S33.UPW]#S33#{peptidaseunit:4-239}~sourceXP_383459~	6.2e-66	52.7	237
ETR97645.1	MER0032746-familyS33unassignedpeptidases(Aspergillusoryzae)[S33.UPW]#S33#{peptidaseunit:67-318}~sourceAO070257000001~	9.2e-99	69.3	254
ETR97653.1	MER0187519-scytalidoglutamicpeptidase(Trichodermareesei)[G01.001]#G01#{peptidaseunit:53-256}~sourceEGR44883~	2.4e-110	100	204
ETR97657.1	MER1060383-aorsin(Trichodermareesei)[S53.007]#S53#{peptidaseunit:242-679}~sourceA0A024RXQ4~	1.8e-266	100	438
ETR97658.1	MER0032743-familyS33non-peptidasehomologues(Aspergillusoryzae)[S33.UNW]#S33#{peptidaseunit:510-856}~sourceAO070215000002~	4.4e-07	24.9	269
ETR97669.1	MER0229183-familyM38non-peptidasehomologues(Filobasidiellaneoformans)[M38.UNW]#M38#{peptidaseunit:56-499}~sourceXP_572724~	6e-207	77	448
ETR97675.1	MER0384250-subfamilyA1Aunassignedpeptidases(Trichodermareesei)[A01.UPA]#A01A#{peptidaseunit:18-361}~sourceEGR44871~	4.1e-204	100	344
ETR97683.1	MER0428589-Cwp84peptidase(Limoniumbicolor)[C01.125]#C01A#{peptidaseunit:23-64}~sourceACE79210~	6.6e-05	52.4	42
ETR97689.1	MER0228619-familyC19unassignedpeptidases(Aspergillusfumigatus)[C19.UPW]#C19#{peptidaseunit:6-53}~sourceXP_748629~	1.2e-06	52.4	42
ETR97694.1	MER0156555-familyS9non-peptidasehomologues(Dipodomysordii)[S09.UNW]#S09X#{peptidaseunit:64-255}~sourceENSDORP00000015525~	7.3e-55	51.3	193
ETR97712.1	MER0349890-carboxypeptidaseOcpB(Trichodermareesei)[S10.016]#S10#{peptidaseunit:40-522}~sourceEGR44795~	2.8e-298	100	483
ETR97786.1	MER0033151-Mername-AA242peptidasehomologue({Musmusculus})(Magnaporthegrisea)[T01.995]#T01A#{peptidaseunit:29-242}~sourceMG07130_4~	3.4e-106	91.1	214
ETR97791.1	MER0196803-subfamilyA28Aunassignedpeptidases(Colletotrichumhigginsianum)[A28.UPA]#A28A#{peptidaseunit:187-302}~sourceCCF36758~	3.6e-09	93.8	32
ETR97875.1	MER0035008-familyC56non-peptidasehomologues(Gibberellazeae)[C56.UNW]#C56#{peptidaseunit:77-183}~sourceXP_383129~	2.8e-41	72.9	107
ETR97877.1	MER1003490-familyS12unassignedpeptidases(Trichodermareesei)[S12.UPW]#S12#{peptidaseunit:76-339}~sourceA0A024RYI7~	4.9e-151	100	264
ETR97883.1	MER1073108-subfamilyS49Cnon-peptidasehomologues(Deferribacterdesulfuricans)[S49.UNC]#S49C#{peptidaseunit:109-219}~sourceD3P9A0~	1.2e-11	38.3	94
ETR97900.1	MER0737032-(Arionvulgaris)[C78.UNB]#C78B#{peptidaseunit:588-772}~sourceA0A0B7AIP2~	1.5e-18	39.9	163
ETR97911.1	MER0290279-familyM19unassignedpeptidases(Trichodermareesei)[M19.UPW]#M19#{peptidaseunit:77-460}~sourceEGR44935~	3.9e-228	100	384
ETR97930.1	MER0316938-BapFpeptidase({Pseudomonas}sp.)(Trichodermareesei)[P01.003]#P01#{peptidaseunit:273-404}~sourceEGR44986~	8.3e-65	100	125
ETR97935.1	MER1360781-familyA31non-peptidasehomologues(Thecamonastrahens)[A31.UNW]#A31#{peptidaseunit:181-256}~sourceXP_013753081~	4.9e-07	39	77
ETR97973.1	MER0032859-familyC19unassignedpeptidases(Magnaporthegrisea)[C19.UPW]#C19#{peptidaseunit:238-830}~sourceMG07468_4~	7e-250	71.3	596
ETR97976.1	MER0156749-familyS9non-peptidasehomologues(Dipodomysordii)[S09.UNW]#S09X#{peptidaseunit:19-218}~sourceENSDORP00000002832~	3.4e-39	39.5	205
ETR97986.1	MER0157493-familyS9non-peptidasehomologues(Dipodomysordii)[S09.UNW]#S09X#{peptidaseunit:103-255}~sourceENSDORP00000013913~	4.4e-25	39.8	171
ETR98001.1	MER0228152-familyS9unassignedpeptidases(Lachanceathermotolerans)[S09.UPW]#S09X#{peptidaseunit:6-214}~sourceXP_002555207~	6.1e-09	32.3	167
ETR98028.1	MER0624888-familyS9unassignedpeptidases(Aplysiacalifornica)[S09.UPW]#S09X#{peptidaseunit:70-296}~sourceXP_005100065~	4.5e-05	36.9	65
ETR98035.1	MER0354770-familyS12unassignedpeptidases(Hypocreavirens)[S12.UPW]#S12#{peptidaseunit:41-258}~sourceEHK27002~	4.7e-19	60.3	78
ETR98047.1	MER0383704-PepAapeptidase(Trichodermareesei)[A01.079]#A01A#{peptidaseunit:115-430}~sourceEGR45291~	8.2e-180	100	316
ETR98050.1	MER1073443-grifolisin(Trichodermareesei)[S53.010]#S53#{peptidaseunit:182-584}~sourceG0RTY5~	4.7e-234	100	403
ETR98070.1	MER0278187-familyM41non-peptidasehomologues(Glossinamorsitans)[M41.UNW]#M41#{peptidaseunit:240-464}~sourceTMP013082-PA~	2.7e-24	47.2	125
ETR98115.1	MER1095339-familyT2unassignedpeptidases(Trichodermareesei)[T02.UPW]#T02#{peptidaseunit:74-150,205-314}~sourceA0A024S0Z4~	8.5e-96	77.5	240
ETR98121.1	MER0746668-familyC97unassignedpeptidases(Trichodermareesei)[C97.UPW]#C97#{peptidaseunit:29-163}~sourceG0RU44~	5.8e-77	100	135
ETR98135.1	MER0214517-familyS9non-peptidasehomologues(Podosporaanserina)[S09.UNW]#S09X#{peptidaseunit:34-221}~sourceXP_001906399~	7.3e-80	74.5	188
ETR98146.1	MER0483020-methionylaminopeptidase2(Trichodermaatroviride)[M24.002]#M24A#{peptidaseunit:114-440}~sourceEHK39543~	1.2e-178	94.8	327
ETR98149.1	MER1068763-grifolisin(Trichodermareesei)[S53.010]#S53#{peptidaseunit:192-578}~sourceA0A024RYB5~	7.6e-229	99	387
ETR98176.1	MER0625106-familyC19non-peptidasehomologues(Gibberellazeae)[C19.UNW]#C19#{peptidaseunit:4-304}~sourceXP_390545~	8.8e-54	83.9	305
ETR98184.1	MER0209849-familyS9unassignedpeptidases(Sordariamacrospora)[S09.UPW]#S09X#{peptidaseunit:50-348}~sourceCBI61454~	5.1e-57	41.9	301
ETR98222.1	MER0114552-familyS9non-peptidasehomologues(Emericellanidulans)[S09.UNW]#S09X#{peptidaseunit:44-218}~sourceEAA66107~	1.4e-35	45.6	180
ETR98231.1	MER0210128-familyS33unassignedpeptidases(Verticilliumalbo)[S33.UPW]#S33#{peptidaseunit:34-284}~sourceEEY21510~	9.6e-95	66.1	251
ETR98232.1	MER0151446-familyM38non-peptidasehomologues(Rhodococcusjostii)[M38.UNW]#M38#{peptidaseunit:136-514}~sourceABG97383~	6.4e-84	44.7	385
ETR98235.1	MER0380077-oxamateamidohydrolaseproenzyme({Klebsiellapneumonia})(Trichodermareesei)[T03.025]#T03#{peptidaseunit:26-523}~sourceEGR45110~	4.4e-296	100	498
ETR98279.1	MER0214426-familyS33unassignedpeptidases(Arthrodermaotae)[S33.UPW]#S33#{peptidaseunit:108-367}~sourceEEQ27828~	3e-104	68.2	267
ETR98291.1	MER0064583-familyM38non-peptidasehomologues(Gibberellazeae)[M38.UNW]#M38#{peptidaseunit:74-462}~sourceXP_391110~	2.4e-189	82	389
ETR98299.1	MER0064227-familyS9unassignedpeptidases(Gibberellazeae)[S09.UPW]#S09X#{peptidaseunit:74-333}~sourceXP_384897~	1.1e-94	65.5	258
ETR98309.1	MER0210192-familyS33unassignedpeptidases(Aspergillusterreus)[S33.UPW]#S33#{peptidaseunit:61-520}~sourceXP_001215786~	6.9e-128	46.5	471
ETR98346.1	MER0331113-sst2g.p.({Schizosaccharomycespombe})(Trichodermaatroviride)[M67.A14]#M67C#{peptidaseunit:362-513}~sourceEHK44178~	8.1e-84	92.1	152
ETR98348.1	MER0412267-familyM41non-peptidasehomologues(Nicotianabenthamiana)[M41.UNW]#M41#{peptidaseunit:314-497}~sourceNbS00029173g0008~	1.8e-17	43.2	125
ETR98410.1	MER0135310-familyS9non-peptidasehomologues(Batrachochytriumdendrobatidis)[S09.UNW]#S09X#{peptidaseunit:241-408}~sourceBDEG_00552~	1.6e-11	28.7	167
ETR98413.1	MER0968275-subfamilyS8Anon-peptidasehomologues(Trichodermareesei)[S08.UNA]#S08A#{peptidaseunit:759-1047}~sourceG0R9B5~	1.8e-146	92	289
ETR98429.1	MER0224763-familyS8non-peptidasehomologues(Aspergillusniger)[S08.UNW]#S08X#{peptidaseunit:19-428}~sourceXP_001400765~	4.9e-66	38.7	447
ETR98432.1	MER0032555-livercarboxylesterase(Aspergillusfumigatus)[S09.982]#S09X#{peptidaseunit:96-469}~sourceXP_753283~	3.5e-136	62.6	380
ETR98462.1	MER0605019-highlysimilartoacyl-proteinthioesterase1({Homosapiens})(Neurosporacrassa)[S09.941]#S09X#{peptidaseunit:106-214}~sourceXP_964649~	2e-34	62.4	109
ETR98475.1	MER0290310-familyM19unassignedpeptidases(Trichodermareesei)[M19.UPW]#M19#{peptidaseunit:11-350}~sourceEGR53015~	1.1e-196	100	340
ETR98507.1	MER0383819-subfamilyA1Aunassignedpeptidases(Trichodermareesei)[A01.UPA]#A01A#{peptidaseunit:92-396}~sourceEGR52488~	2.3e-176	100	305
ETR98541.1	MER0511292-familyS33non-peptidasehomologues(Macrophominaphaseolina)[S33.UNW]#S33#{peptidaseunit:114-395}~sourceEKG09651~	5.1e-37	60.7	117
ETR98628.1	MER1073240-subfamilyS49Cnon-peptidasehomologues(Acinetobacterbohemicus)[S49.UNC]#S49C#{peptidaseunit:84-212}~sourceN8Q6E4~	1.7e-23	47.2	127
ETR98639.1	MER0212961-homoserineacetyltransferase({Saccharomycescerevisiae})(Nectriahaematococca)[S33.A41]#S33#{peptidaseunit:25-470}~sourceEEU43165~	5.8e-222	85.6	452
ETR98663.1	MER0131793-familyS9unassignedpeptidases(Nakamurellamultipartita)[S09.UPW]#S09X#{peptidaseunit:53-320}~sourceGEBA2500706196~	2.6e-68	48.1	270
ETR98664.1	MER0826772-subfamilyM12Aunassignedpeptidases(Trichodermareesei)[M12.UPA]#M12A#{peptidaseunit:67-218}~sourceG0RTT5~	1.1e-85	100	152
ETR98685.1	MER0447929-familyC26unassignedpeptidases(Fusariumoxysporum)[C26.UPW]#C26#{peptidaseunit:5-241}~sourceEGU87471~	6.6e-103	72.5	240
ETR98745.1	MER0325030-kexin(Trichodermareesei)[S08.070]#S08B#{peptidaseunit:159-454}~sourceEGR45552~	9.4e-172	100	296
ETR98757.1	MER0258231-OTU2peptidase({Saccharomycescerevisiae}-type)(Trichodermareesei)[C85.008]#C85A#{peptidaseunit:156-291}~sourceEGR45621~	9.5e-74	100	136
ETR98798.1	MER0447742-familyC26unassignedpeptidases(Trichodermaatroviride)[C26.UPW]#C26#{peptidaseunit:4-204}~sourceEHK39677~	8.2e-108	90	201
ETR98823.1	MER0625097-familyM38non-peptidasehomologues(Gibberellazeae)[M38.UNW]#M38#{peptidaseunit:1-273}~sourceXP_389753~	5.4e-124	79.9	273
ETR98826.1	MER1360781-familyA31non-peptidasehomologues(Thecamonastrahens)[A31.UNW]#A31#{peptidaseunit:181-256}~sourceXP_013753081~	2.7e-06	39.5	76
ETR98855.1	MER0374737-familyM20Dunassignedpeptidases(Trichodermaatroviride)[M20.UPD]#M20D#{peptidaseunit:24-394}~sourceEHK39615~	2.8e-177	81.4	371
ETR98876.1	MER0905425-subfamilyM67Anon-peptidasehomologues(Villosiclavavirens)[M67.UNA]#M67A#{peptidaseunit:13-145}~sourceA0A0E9KQ59~	3.9e-68	94.7	133
ETR98912.1	MER0412697-familyM41non-peptidasehomologues(Solanumtuberosum)[M41.UNW]#M41#{peptidaseunit:385-549}~sourcePGSC0003DMP400021722~	1.5e-22	42.9	126
ETR98931.1	MER0378947-gamma-glutamyltransferase({Schizosaccharomyces}-type)(Trichodermareesei)[T03.011]#T03#{peptidaseunit:49-581}~sourceEGR45904~	0	100	533
ETR98935.1	MER1096790-taspase-1(Trichodermareesei)[T02.004]#T02#{peptidaseunit:47-409}~sourceG0RSG3~	3e-197	98.1	363
ETR98973.1	MER0029997-cytosolicepoxidehydrolase(Homosapiens)[S33.973]#S33#{peptidaseunit:1-287}~sourceBC007708~	2.8e-19	28.7	272
ETR99039.1	MER0306662-familyC48unassignedpeptidases(Trichodermareesei)[C48.UPW]#C48#{peptidaseunit:304-466}~sourceEGR46028~	5.8e-93	100	163
ETR99063.1	MER0384279-PepAcpeptidase(Trichodermareesei)[A01.081]#A01A#{peptidaseunit:98-415}~sourceEGR46017~	5.6e-192	100	318
ETR99069.1	MER0136068-familyS9non-peptidasehomologues(Batrachochytriumdendrobatidis)[S09.UNW]#S09X#{peptidaseunit:154-289}~sourceBDEG_07387~	3.3e-06	27.2	136
ETR99075.1	MER0032698-familyS33unassignedpeptidases(Aspergillusfumigatus)[S33.UPW]#S33#{peptidaseunit:60-384}~sourceXP_747148~	4.8e-101	56.7	328
ETR99093.1	MER0903926-familyC12non-peptidasehomologues(Trichodermaparareesei)[C12.UNW]#C12#{peptidaseunit:18-248}~sourceOTA02223~	7.8e-130	98.3	231
ETR99114.1	MER0709212-familyC19unassignedpeptidases(Trichodermareesei)[C19.UPW]#C19#{peptidaseunit:1587-1879}~sourceG0RS12~	4.2e-170	100	293
ETR99129.1	MER0057464-familyS9non-peptidasehomologues(Thermobisporabispora)[S09.UNW]#S09X#{peptidaseunit:1135-1317}~sourceGEBA2500199435~	7.8e-25	32.4	179
ETR99143.1	MER0133461-familyM50non-peptidasehomologues(Sebaldellatermitidis)[M50.UNW]#M50#{peptidaseunit:89-186}~sourceACZ09042~	3.1e-08	36.3	102
ETR99159.1	MER0435630-TRP3protein(Trichodermaatroviride)[C26.959]#C26#{peptidaseunit:25-274}~sourceEHK45707~	3.3e-131	90.4	250
ETR99170.1	MER0278187-familyM41non-peptidasehomologues(Glossinamorsitans)[M41.UNW]#M41#{peptidaseunit:240-464}~sourceTMP013082-PA~	7.1e-23	44.5	128
ETR99199.1	MER0310019-familyC50unassignedpeptidases(Trichodermareesei)[C50.UPW]#C50#{peptidaseunit:1585-2058}~sourceEGR46037~	1e-275	100	474
ETR99246.1	MER0135263-familyS9non-peptidasehomologues(Batrachochytriumdendrobatidis)[S09.UNW]#S09X#{peptidaseunit:136-356}~sourceBDEG_01429~	1.5e-15	27.8	223
ETR99255.1	MER0166079-familyM67non-peptidasehomologues(Podosporaanserina)[M67.UNW]#M67X#{peptidaseunit:7-280}~sourceXP_001903457~	2.6e-110	71.2	274
ETR99263.1	MER1365177-subfamilyT1Aunassignedpeptidases(Ophiocordycepsaustralis)[T01.UPA]#T01A#{peptidaseunit:31-228}~sourcePHH63364~	2e-108	96.9	195
ETR99276.1	MER0326224-dipeptidylaminopeptidaseB(fungus)(Trichodermareesei)[S09.006]#S09B#{peptidaseunit:637-894}~sourceEGR46146~	2e-151	100	258
ETR99284.1	MER0125990-cuticle-degradingpeptidaseofparasiticfungus(Hypocreapseudokoningii)[S08.056]#S08A#{peptidaseunit:108-391}~sourceABN04079~	2.4e-154	97.2	284
ETR99291.1	MER0060265-familyS33non-peptidasehomologues(Gibberellazeae)[S33.UNW]#S33#{peptidaseunit:70-393}~sourceXP_381913~	5.3e-112	56.7	326
ETR99301.1	MER0273140-familyM6unassignedpeptidases(Streptomycesviolaceusniger)[M06.UPW]#M06#{peptidaseunit:145-520}~sourceYP_004813914~	2e-137	61.8	380
ETR99308.1	MER0212828-familyS33unassignedpeptidases(Nectriahaematococca)[S33.UPW]#S33#{peptidaseunit:47-510}~sourceEEU45721~	5.8e-209	71.7	505
ETR99319.1	MER0080738-subfamilyS8Aunassignedpeptidases(Trichodermaharzianum)[S08.UPA]#S08A#{peptidaseunit:146-537}~sourceABI84117~	7.3e-202	90.6	394
ETR99321.1	MER0114101-familyS9unassignedpeptidases(Sorangiumcellulosum)[S09.UPW]#S09X#{peptidaseunit:151-348}~sourceCAN90314~	1.2e-06	30.5	177
ETR99375.1	MER0114300-familyS9non-peptidasehomologues(Sorangiumcellulosum)[S09.UNW]#S09X#{peptidaseunit:155-374}~sourceCAN94769~	3.2e-14	28.7	216
ETR99398.1	MER0209306-familyS33non-peptidasehomologues(Talaromycesstipitatus)[S33.UNW]#S33#{peptidaseunit:20-280}~sourceXP_002486337~	3.5e-91	60.7	262
ETR99408.1	MER0851575-subfamilyM20Aunassignedpeptidases(Trichodermareesei)[M20.UPA]#M20A#{peptidaseunit:77-587}~sourceG0RRB3~	1.6e-306	100	511
ETR99410.1	MER0161332-familyC56non-peptidasehomologues(Talaromycesstipitatus)[C56.UNW]#C56#{peptidaseunit:112-218}~sourceEED15519~	1.3e-38	64.8	105
ETR99411.1	MER0511172-familyS33non-peptidasehomologues(Macrophominaphaseolina)[S33.UNW]#S33#{peptidaseunit:54-356}~sourceEKG18007~	2e-109	58.9	299
ETR99419.1	MER1118174-familyI4unassignedpeptidaseinhibitors(Enterobiusvermicularis)[I04.UPW]#I04#{inhibitorunit:261-509}~sourceEVEC_0000955001~	3.5e-26	37.4	195
ETR99433.1	MER0065403-familyS33unassignedpeptidases(Gibberellazeae)[S33.UPW]#S33#{peptidaseunit:1014-1271}~sourceXP_387657~	1.1e-109	72.5	258
ETR99449.1	MER1229930-subfamilyM14Anon-peptidasehomologues(Trichodermaparareesei)[M14.UNA]#M14A#{peptidaseunit:183-505}~sourceOTA06859~	2.4e-194	100	323
ETR99465.1	MER0065442-familyS33unassignedpeptidases(Gibberellazeae)[S33.UPW]#S33#{peptidaseunit:54-341}~sourceXP_382060~	2.5e-98	60.8	296
ETR99487.1	MER0065455-Uch2peptidase(Gibberellazeae)[C12.009]#C12#{peptidaseunit:3-230}~sourceXP_382039~	2.2e-105	82.2	230
ETR99543.1	MER0146127-familyS9non-peptidasehomologues(Cionasavignyi)[S09.UNW]#S09X#{peptidaseunit:104-339}~sourceENSCSAVP00000001953~	1.1e-06	19.4	248
ETR99563.1	MER0044640-familyM38non-peptidasehomologues(Neurosporacrassa)[M38.UNW]#M38#{peptidaseunit:74-406}~sourceCAB91408~	1e-122	62.6	337
ETR99570.1	MER0350546-carboxypeptidaseO(Hypocreavirens)[S10.014]#S10#{peptidaseunit:11-465}~sourceEHK19573~	8.4e-177	63.4	454
ETR99587.1	MER0868760-familyM38non-peptidasehomologues(Penicilliumdigitatum)[M38.UNW]#M38#{peptidaseunit:24-97}~sourceK9G673~	5.7e-07	45	60
ETR99595.1	MER0411906-subfamilyS1Anon-peptidasehomologues(Nicotianabenthamiana)[S01.UNA]#S01A#{peptidaseunit:380-544}~sourceNbS00042000g0004~	6.2e-24	43.3	120
ETR99606.1	MER0358786-peptidaseClp(type1)(Trichodermaatroviride)[S14.001]#S14#{peptidaseunit:1-198}~sourceEHK49608~	4e-80	92	162
ETR99641.1	MER1091714-familyT1unassignedpeptidases(Stachybotryschartarum)[T01.UPW]#T01X#{peptidaseunit:28-256}~sourceA0A084B591~	1e-105	85.2	229
ETR99661.1	MER0693873-subfamilyA1Aunassignedpeptidases(Trichodermareesei)[A01.UPA]#A01A#{peptidaseunit:120-427}~sourceA0A024S610~	9.2e-178	100	308
ETR99735.1	MER0317577-familyM81unassignedpeptidases(Trichodermareesei)[M81.UPW]#M81#{peptidaseunit:3-484}~sourceEGR47086~	1.7e-285	100	482
ETR99743.1	MER0501945-familyU32unassignedpeptidases(Chthonomonascalidirosea)[U32.UPW]#U32#{peptidaseunit:148-232}~sourceYP_008089209~	2.2e-07	34	97
ETR99749.1	MER0115129-familyC26unassignedpeptidases(Shewanellapealeana)[C26.UPW]#C26#{peptidaseunit:1027-1276}~sourceABV86644~	2.3e-79	57.4	249
ETR99768.1	MER0898954-familyM54unassignedpeptidases(Hypocreavirens)[M54.UPW]#M54#{peptidaseunit:227-413}~sourceG9N4K2~	6e-74	69.6	204
ETR99779.1	MER0988519-subfamilyS8Aunassignedpeptidases(Trichodermareesei)[S08.UPA]#S08A#{peptidaseunit:154-346,502-607}~sourceA0A024S330~	1.8e-147	65.9	454
ETR99784.1	MER0148114-familyS9non-peptidasehomologues(Cionaintestinalis)[S09.UNW]#S09X#{peptidaseunit:166-331}~sourceENSCINP00000002161~	4.3e-06	35.9	103
ETR99816.1	MER0212696-familyS9unassignedpeptidases(Podosporaanserina)[S09.UPW]#S09X#{peptidaseunit:131-240}~sourceCAP65498~	7.2e-07	32	122
ETR99825.1	MER0316845-BapFpeptidase({Pseudomonas}sp.)(Trichodermareesei)[P01.003]#P01#{peptidaseunit:262-390}~sourceEGR46937~	1.2e-66	100	129
ETR99876.1	MER0210698-familyS9non-peptidasehomologues(Nectriahaematococca)[S09.UNW]#S09X#{peptidaseunit:63-276}~sourceEEU45525~	1.4e-83	75.1	213
ETR99886.1	MER0296926-kexcarboxypeptidase(Trichodermareesei)[S10.007]#S10#{peptidaseunit:50-465}~sourceEGR52601~	1.3e-255	100	416
ETR99903.1	MER0158050-familyS9non-peptidasehomologues(Dipodomysordii)[S09.UNW]#S09X#{peptidaseunit:54-305}~sourceENSDORP00000014784~	2.6e-54	43.6	257
ETR99924.1	MER0033130-familyM38unassignedpeptidases(Magnaporthegrisea)[M38.UPW]#M38#{peptidaseunit:49-256}~sourceMG01812_4~	1.4e-68	59.1	208
ETR99932.1	MER0064695-familyM67non-peptidasehomologues(Gibberellazeae)[M67.UNW]#M67X#{peptidaseunit:32-294}~sourceXP_390251~	1.2e-123	83.3	275
ETR99935.1	MER0064104-ubiquitin-specificendopeptidase39[misleading](Gibberellazeae)[C19.972]#C19#{peptidaseunit:79-534}~sourceXP_386965~	4.8e-233	86.3	453
ETR99938.1	MER0064103-familyS33unassignedpeptidases(Gibberellazeae)[S33.UPW]#S33#{peptidaseunit:118-372}~sourceXP_386968~	2.9e-113	72	261
ETR99946.1	MER0157482-familyS9non-peptidasehomologues(Dipodomysordii)[S09.UNW]#S09X#{peptidaseunit:31-204}~sourceENSDORP00000013670~	5.3e-06	27.9	129
ETR99948.1	MER0306758-familyC48unassignedpeptidases(Trichodermareesei)[C48.UPW]#C48#{peptidaseunit:424-683}~sourceEGR53107~	3.6e-145	100	260
ETR99950.1	MER1090793-subfamilyT1Anon-peptidasehomologues(Trichodermareesei)[T01.UNA]#T01A#{peptidaseunit:4-196}~sourceA0A024S660~	7.4e-107	100	193
ETR99965.1	MER0362989-m-AAApeptidase(Trichodermareesei)[M41.003]#M41#{peptidaseunit:626-850}~sourceEGR52562~	4.6e-124	100	225
ETR99982.1	MER0626660-familyC110non-peptidasehomologues(Trichodermareesei)[C110.UNW]#C110#{peptidaseunit:839-936}~sourceXP_006961896~	1e-53	100	98
ETR99990.1	MER0152984-familyS9non-peptidasehomologues(Scheffersomycesstipitis)[S09.UNW]#S09X#{peptidaseunit:55-322}~sourceEAZ63920~	2.1e-27	29.7	290
ETR99996.1	MER0708624-familyC19unassignedpeptidases(Metarhiziumalbum)[C19.UPW]#C19#{peptidaseunit:81-634}~sourceA0A0B2WIF8~	5.2e-202	64.6	545
ETS00020.1	MER0126122-familyS54non-peptidasehomologues(Magnaporthegrisea)[S54.UNW]#S54#{peptidaseunit:43-184}~sourceEDJ99520~	9.4e-30	47.1	140
ETS00048.1	MER0315944-familyS54unassignedpeptidases(Trichodermareesei)[S54.UPW]#S54#{peptidaseunit:258-415}~sourceEGR53064~	9.1e-85	100	158
ETS00068.1	MER0383788-subfamilyA1Aunassignedpeptidases(Trichodermareesei)[A01.UPA]#A01A#{peptidaseunit:60-407}~sourceEGR52517~	6.9e-199	100	348
ETS00074.1	MER0278187-familyM41non-peptidasehomologues(Glossinamorsitans)[M41.UNW]#M41#{peptidaseunit:240-464}~sourceTMP013082-PA~	1.9e-14	38.6	132
ETS00103.1	MER0293186-bleomycinhydrolase(yeast)(Trichodermareesei)[C01.085]#C01B#{peptidaseunit:6-448}~sourceEGR46575~	2.5e-260	100	443
ETS00126.1	MER0216182-familyS9non-peptidasehomologues(Magnaportheoryzae)[S09.UNW]#S09X#{peptidaseunit:51-226}~sourceXP_366494~	2.1e-58	59.1	176
ETS00128.1	MER0219758-subfamilyA22Bunassignedpeptidases(Trichodermareesei)[A22.UPB]#A22B#{peptidaseunit:190-488}~sourceA0A024S4V9~	2.8e-169	100	299
ETS00137.1	MER0069149-iRhom1(Monodelphisdomestica)[S54.952]#S54#{peptidaseunit:405-857}~sourceENSMODP00000020743~	7.6e-13	45.1	82
ETS00143.1	MER0060272-familyS33unassignedpeptidases(Gibberellazeae)[S33.UPW]#S33#{peptidaseunit:1-279}~sourceXP_381835~	2.9e-86	54.7	285
ETS00147.1	MER0149423-familyS9non-peptidasehomologues(Cionaintestinalis)[S09.UNW]#S09X#{peptidaseunit:118-315}~sourceENSCINP00000018134~	1.3e-35	39.2	212
ETS00167.1	MER0625041-familyS33unassignedpeptidases(Gibberellazeae)[S33.UPW]#S33#{peptidaseunit:128-407}~sourceXP_388747~	4.6e-144	88.6	280
ETS00174.1	MER0291740-ubiquitinylhydrolase-YUH1(Trichodermareesei)[C12.002]#C12#{peptidaseunit:18-244}~sourceEGR46542~	7.9e-127	100	227
ETS00200.1	MER0214216-familyS9non-peptidasehomologues(Podosporaanserina)[S09.UNW]#S09X#{peptidaseunit:193-384}~sourceXP_001907774~	6.3e-47	48.3	207
ETS00237.1	MER0784510-familyI51unassignedpeptidaseinhibitors(Torrubiellahemipterigena)[I51.UPW]#I51#{inhibitorunit:64-178}~sourceA0A0A1TR89~	1.2e-37	64.4	118
ETS00239.1	MER0278187-familyM41non-peptidasehomologues(Glossinamorsitans)[M41.UNW]#M41#{peptidaseunit:240-464}~sourceTMP013082-PA~	1e-21	44.2	120
ETS00240.1	MER0624995-familyS33unassignedpeptidases(Gibberellazeae)[S33.UPW]#S33#{peptidaseunit:371-680}~sourceXP_385773~	9.5e-149	75.8	322
ETS00246.1	MER0991056-familyS12non-peptidasehomologues(Trichodermareesei)[S12.UNW]#S12#{peptidaseunit:115-347}~sourceG0RQC5~	5.3e-131	100	233
ETS00259.1	MER0624846-familyS33unassignedpeptidases(Gibberellazeae)[S33.UPW]#S33#{peptidaseunit:50-295}~sourceXP_385748~	1.5e-79	58.5	241
ETS00306.1	MER0057464-familyS9non-peptidasehomologues(Thermobisporabispora)[S09.UNW]#S09X#{peptidaseunit:1135-1317}~sourceGEBA2500199435~	0.00044	29.4	136
ETS00337.1	MER0798079-familyI87unassignedpeptidaseinhibitors(Nectriahaematococca)[I87.UPW]#I87#{inhibitorunit:33-271}~sourceC7YKK8~	3.1e-116	92.1	239
ETS00376.1	MER0800035-familyI87unassignedpeptidaseinhibitors(Trichodermareesei)[I87.UPW]#I87#{inhibitorunit:71-287}~sourceA0A024S7E2~	2e-106	96.3	217
ETS00379.1	MER0287907-familyM4unassignedpeptidases(Trichodermareesei)[M04.UPW]#M04#{peptidaseunit:126-406}~sourceEGR46844~	2.3e-163	98.3	286
ETS00390.1	MER0480902-aminopeptidaseP3(Trichodermaatroviride)[M24.026]#M24B#{peptidaseunit:240-492}~sourceEHK48294~	1.6e-134	88.1	253
ETS00462.1	MER0311377-familyI32unassignedpeptidaseinhibitors(Trichodermareesei)[I32.UPW]#I32#{inhibitorunit:118-208}~sourceEGR46880~	4.2e-52	100	91
ETS00465.1	MER0332794-oligopeptidaseMepB(Trichodermareesei)[M03.009]#M03A#{peptidaseunit:19-703}~sourceEGR46772~	0	100	685
ETS00489.1	MER0279653-subfamilyC14Bunassignedpeptidases(Trichodermareesei)[C14.UPB]#C14B#{peptidaseunit:1-316}~sourceEGR46784~	1.3e-179	100	311
ETS00504.1	MER0625193-highlysimilartoacyl-proteinthioesterase1({Homosapiens})(Myceliophthorathermophila)[S09.941]#S09X#{peptidaseunit:106-214}~sourceXP_003660153~	8.8e-24	49.5	109
ETS00565.1	MER0064738-familyM1non-peptidasehomologues(Gibberellazeae)[M01.UNW]#M01#{peptidaseunit:405-609}~sourceXP_389582~	2.6e-95	79.5	205
ETS00570.1	MER0064741-familyM28unassignedpeptidases(Gibberellazeae)[M28.UPW]#M28X#{peptidaseunit:47-354}~sourceXP_389577~	1.3e-128	67.1	316
ETS00572.1	MER0064746-familyS33unassignedpeptidases(Gibberellazeae)[S33.UPW]#S33#{peptidaseunit:50-339}~sourceXP_389574~	1.7e-95	57.3	293
ETS00574.1	MER0625083-subfamilyS9Cnon-peptidasehomologues(Gibberellazeae)[S09.UNC]#S09C#{peptidaseunit:78-314}~sourceXP_389572~	1.3e-94	67.9	237
ETS00585.1	MER0402205-subfamilyS8Aunassignedpeptidases(Trichodermareesei)[S08.UPA]#S08A#{peptidaseunit:105-369}~sourceEGR47158~	1.1e-139	100	265
ETS00664.1	MER0921929-subfamilyM16Bunassignedpeptidases(Villosiclavavirens)[M16.UPB]#M16B#{peptidaseunit:44-428}~sourceA0A063BRP1~	3.6e-197	89.9	385
ETS00706.1	MER0214892-familyS33unassignedpeptidases(Verticilliumalbo)[S33.UPW]#S33#{peptidaseunit:57-376}~sourceEEY21920~	2.2e-90	51.9	339
ETS00711.1	MER0213186-familyS9non-peptidasehomologues(Aspergillusniger)[S09.UNW]#S09X#{peptidaseunit:122-450}~sourceXP_001394739~	6.9e-103	57.9	337
ETS00717.1	MER1360781-familyA31non-peptidasehomologues(Thecamonastrahens)[A31.UNW]#A31#{peptidaseunit:181-256}~sourceXP_013753081~	1.5e-10	42.1	76
ETS00750.1	MER0065297-familyM38non-peptidasehomologues(Gibberellazeae)[M38.UNW]#M38#{peptidaseunit:57-408}~sourceXP_388572~	1.7e-161	77	352
ETS00752.1	MER0277988-krakenprotein({Drosophilamelanogaster})(Glossinamorsitans)[S33.A81]#S33#{peptidaseunit:74-327}~sourceTMP007252-PA~	9e-07	51	49
ETS00778.1	MER0033046-familyS33unassignedpeptidases(Magnaporthegrisea)[S33.UPW]#S33#{peptidaseunit:68-422}~sourceMG03387_4~	5.1e-76	43.7	382
ETS00793.1	MER0156132-familyS9non-peptidasehomologues(Dipodomysordii)[S09.UNW]#S09X#{peptidaseunit:208-313}~sourceENSDORP00000005211~	2.9e-29	53.4	103
ETS00805.1	MER0859586-familyM38non-peptidasehomologues(Gaeumannomycesgraminis)[M38.UNW]#M38#{peptidaseunit:350-825}~sourceJ3P2Q9~	2.1e-243	85.9	476
ETS00883.1	MER0195829-ALTEREDMERISTEMPROGRAM1-likepeptidase(Trichodermareesei)[M28.007]#M28B#{peptidaseunit:321-595}~sourceEGR47433~	6e-160	100	269
ETS00894.1	MER0159213-familyS9non-peptidasehomologues(Nostocsp.PCC7120)[S09.UNW]#S09X#{peptidaseunit:561-799}~sourceBAB78274~	0.00094	32.9	76
ETS00907.1	MER0069149-iRhom1(Monodelphisdomestica)[S54.952]#S54#{peptidaseunit:405-857}~sourceENSMODP00000020743~	1.9e-05	59	39
ETS00932.1	MER0710039-familyC19non-peptidasehomologues(Trichodermareesei)[C19.UNW]#C19#{peptidaseunit:606-965}~sourceA0A024S9T6~	1.1e-219	100	360
ETS00971.1	MER0424902-subfamilyS8Aunassignedpeptidases(Rhizopusdelemar)[S08.UPA]#S08A#{peptidaseunit:120-511}~sourceEIE87526~	8.9e-05	56.1	41
ETS00973.1	MER0093089-familyS33unassignedpeptidases(Aspergillusniger)[S33.UPW]#S33#{peptidaseunit:69-561}~sourceCAK41306~	6.5e-67	32.4	547
ETS00980.1	MER0195833-familyN11unassignedpeptidelyases()[N11.UPW]#N11#{peptidaseunit:944-1048}~sourceYP_003970177~	4.9e-23	48.6	105
ETS00993.1	MER0135303-familyS9non-peptidasehomologues(Batrachochytriumdendrobatidis)[S09.UNW]#S09X#{peptidaseunit:110-281}~sourceBDEG_00896~	4.6e-11	24.6	199
ETS00996.1	MER0348180-subfamilyC2Aunassignedpeptidases(Trichodermareesei)[C02.UPA]#C02A#{peptidaseunit:137-412}~sourceEGR47487~	7.8e-163	100	276
ETS01002.1	MER0209388-familyS33unassignedpeptidases(Coccidioidesposadasii)[S33.UPW]#S33#{peptidaseunit:7-282}~sourceEER25541~	9.6e-43	37.8	249
ETS01004.1	MER0496058-subfamilyA1Anon-peptidasehomologues(Trichodermareesei)[A01.UNA]#A01A#{peptidaseunit:51-390}~sourceEGR47485~	5.3e-192	100	340
ETS01014.1	MER0433873-F07A11.4g.p.({Caenorhabditiselegans})(Loaloa)[C19.A39]#C19#{peptidaseunit:241-962}~sourceXP_003141417~	0.00016	40.5	42
ETS01035.1	MER0032545-familyS9unassignedpeptidases(Aspergillusfumigatus)[S09.UPW]#S09X#{peptidaseunit:126-505}~sourceXP_746953~	5.3e-89	42.6	394
ETS01069.1	MER0145596-familyS9non-peptidasehomologues(Cionasavignyi)[S09.UNW]#S09X#{peptidaseunit:12-163}~sourceENSCSAVP00000001136~	1.5e-05	36.1	108
ETS01098.1	MER0889204-subfamilyM48Cunassignedpeptidases(Hypocreavirens)[M48.UPC]#M48C#{peptidaseunit:103-350}~sourceG9MHP4~	5.8e-136	96	248
ETS01104.1	MER0336375-familyM1unassignedpeptidases(Cordycepsmilitaris)[M01.UPW]#M01#{peptidaseunit:294-541}~sourceEGX93623~	3.9e-127	82.7	248
ETS01112.1	MER0978284-subfamilyS8Anon-peptidasehomologues(Trichodermareesei)[S08.UNA]#S08A#{peptidaseunit:230-459}~sourceA0A024SA81~	7.3e-125	100	230
ETS01183.1	MER0032862-familyC44non-peptidasehomologues(Magnaporthegrisea)[C44.UNW]#C44#{peptidaseunit:2-377}~sourceMG00969_4~	1.4e-179	81.4	376
ETS01234.1	MER0293796-familyC19unassignedpeptidases(Glomerellagraminicola)[C19.UPW]#C19#{peptidaseunit:20-501}~sourceEFQ26555~	1.1e-200	74.3	482
ETS01268.1	MER0033141-familyS33non-peptidasehomologues(Magnaporthegrisea)[S33.UNW]#S33#{peptidaseunit:236-522}~sourceMG04378_4~	2.4e-101	60.8	288
ETS01273.1	MER0080258-proteasomesubunitbeta4(Trichodermaharzianum)[T01.987]#T01A#{peptidaseunit:41-253}~sourceABE41788~	2.1e-109	93	213
ETS01274.1	MER0455281-familyC44non-peptidasehomologues(Trichodermaatroviride)[C44.UNW]#C44#{peptidaseunit:2-353}~sourceEHK45266~	1.5e-194	96	352
ETS01275.1	MER0286041-familyM41non-peptidasehomologues(Echinococcusmultilocularis)[M41.UNW]#M41#{peptidaseunit:71-293}~sourceEmW_000847400~	3.1e-24	46.7	122
ETS01323.1	MER1090168-subfamilyT1Anon-peptidasehomologues(Trichodermareesei)[T01.UNA]#T01A#{peptidaseunit:43-258}~sourceA0A024S8A6~	1.3e-122	100	216
ETS01365.1	MER0135310-familyS9non-peptidasehomologues(Batrachochytriumdendrobatidis)[S09.UNW]#S09X#{peptidaseunit:241-408}~sourceBDEG_00552~	2.9e-08	35.2	125
ETS01370.1	MER0135310-familyS9non-peptidasehomologues(Batrachochytriumdendrobatidis)[S09.UNW]#S09X#{peptidaseunit:241-408}~sourceBDEG_00552~	5.1e-11	27.6	163
ETS01376.1	MER0295850-familyC26non-peptidasehomologues(Nematostellavectensis)[C26.UNW]#C26#{peptidaseunit:61-329}~sourceXP_001621066~	2.1e-08	45.1	71
ETS01396.1	MER0064110-S-formylglutathionehydrolaseFrmB({Escherichicoli})(Gibberellazeae)[S09.940]#S09B#{peptidaseunit:12-282}~sourceXP_386857~	1e-122	73.8	271
ETS01421.1	MER0289758-aspartylaminopeptidase(Trichodermareesei)[M18.002]#M18#{peptidaseunit:7-488}~sourceEGR48557~	1.5e-281	100	482
ETS01443.1	MER0156739-familyS9non-peptidasehomologues(Dipodomysordii)[S09.UNW]#S09X#{peptidaseunit:15-165}~sourceENSDORP00000002689~	0.00056	27.4	113
ETS01481.1	MER0384301-subfamilyA1Aunassignedpeptidases(Trichodermareesei)[A01.UPA]#A01A#{peptidaseunit:110-411}~sourceEGR48583~	1.4e-171	92.2	321
ETS01491.1	MER0792533-familyI87unassignedpeptidaseinhibitors(Trichodermareesei)[I87.UPW]#I87#{inhibitorunit:88-272}~sourceG0RJG3~	1.1e-94	100	185
ETS01497.1	MER0273571-familyM41non-peptidasehomologues(Paenibacillusmucilaginosus)[M41.UNW]#M41#{peptidaseunit:30-196}~sourceYP_004641264~	1.1e-07	37.5	96
ETS01525.1	MER0156123-familyS9non-peptidasehomologues(Dipodomysordii)[S09.UNW]#S09X#{peptidaseunit:444-713}~sourceENSDORP00000005058~	1.2e-05	23.6	220
ETS01546.1	MER0609299-subfamilyA2Aunassignedpeptidases(Gorillagorilla)[A02.UPA]#A02A#{peptidaseunit:23-64}~sourceXP_004049335~	2e-05	50	42
ETS01581.1	MER0511172-familyS33non-peptidasehomologues(Macrophominaphaseolina)[S33.UNW]#S33#{peptidaseunit:54-356}~sourceEKG18007~	1.1e-86	47.3	313
ETS01588.1	MER0060221-subfamilyM67Aunassignedpeptidases(Gibberellazeae)[M67.UPA]#M67A#{peptidaseunit:19-328}~sourceXP_382760~	3.6e-138	77.1	310
ETS01617.1	MER0391602-subfamilyM16Bnon-peptidasehomologues(Trichodermareesei)[M16.UNB]#M16B#{peptidaseunit:60-257}~sourceEGR48648~	3.2e-107	100	198
ETS01623.1	MER0987949-subfamilyM28Eunassignedpeptidases(Verticilliumlongisporum)[M28.UPE]#M28E#{peptidaseunit:106-305}~sourceCRK09937~	1e-04	71	31
ETS01685.1	MER0137389-familyS9non-peptidasehomologues(Cionasavignyi)[S09.UNW]#S09X#{peptidaseunit:216-400}~sourceENSCSAVP00000003408~	7.6e-09	25.3	194
ETS01765.1	MER1088826-subfamilyT1Anon-peptidasehomologues(Trichodermareesei)[T01.UNA]#T01A#{peptidaseunit:13-201}~sourceA0A024S8T0~	2.2e-106	100	189
ETS01794.1	MER0064647-proteasomesubunitalpha6(Gibberellazeae)[T01.971]#T01A#{peptidaseunit:34-246}~sourceXP_390431~	6.4e-108	90.6	213
ETS01798.1	MER0156666-familyS9non-peptidasehomologues(Dipodomysordii)[S09.UNW]#S09X#{peptidaseunit:42-157,234-286}~sourceENSDORP00000001632~	5.2e-30	30.1	249
ETS01820.1	MER0064696-subfamilyM24Bnon-peptidasehomologues(Gibberellazeae)[M24.UNB]#M24B#{peptidaseunit:173-421}~sourceXP_390216~	4.3e-126	88	249
ETS01826.1	MER0852097-subfamilyM20Funassignedpeptidases(Trichodermareesei)[M20.UPF]#M20F#{peptidaseunit:7-470}~sourceA0A024SBD8~	1.2e-277	100	464
ETS01853.1	MER0316910-BapFpeptidase({Pseudomonas}sp.)(Trichodermareesei)[P01.003]#P01#{peptidaseunit:268-401}~sourceEGR45743~	3e-67	100	134
ETS01861.1	MER0379530-oxamateamidohydrolaseproenzyme({Klebsiellapneumonia})(Trichodermareesei)[T03.025]#T03#{peptidaseunit:38-584}~sourceEGR45671~	0	100	547
ETS01862.1	MER0032477-familyM38unassignedpeptidases(Aspergillusoryzae)[M38.UPW]#M38#{peptidaseunit:64-437}~sourceAO070257000044~	6e-130	62.4	359
ETS01865.1	MER0275595-aminopeptidaseY(Trichodermareesei)[M28.001]#M28A#{peptidaseunit:245-490}~sourceEGR45673~	1.2e-142	100	246
ETS01882.1	MER0156123-familyS9non-peptidasehomologues(Dipodomysordii)[S09.UNW]#S09X#{peptidaseunit:444-713}~sourceENSDORP00000005058~	1.6e-14	26.3	266
ETS01884.1	MER0973700-subfamilyS8Anon-peptidasehomologues(Trichodermareesei)[S08.UNA]#S08A#{peptidaseunit:3-134}~sourceA0A024S9A3~	9.2e-70	100	132
ETS01887.1	MER0195268-familyC56non-peptidasehomologues(Mycobacteriumabscessus)[C56.UNW]#C56#{peptidaseunit:537-670}~sourceCAM62611~	4e-09	29.9	137
ETS01901.1	MER1100667-subfamilyM28Funassignedpeptidases(Trichodermaparareesei)[M28.UPF]#M28F#{peptidaseunit:177-426}~sourceOTA01369~	8.5e-141	97.2	250
ETS01919.1	MER0242282-familyC13unassignedpeptidases(Blastocystishominis)[C13.UPW]#C13#{peptidaseunit:18-252}~sourceCBK22329~	3.5e-11	66.7	54
ETS01923.1	MER0480354-YFR006Wg.p.({Saccharomycescerevisiae})(Trichodermaatroviride)[M24.A09]#M24B#{peptidaseunit:171-457}~sourceEHK41626~	9.5e-142	86.4	287
ETS01927.1	MER0064512-PoSl({Pleurotusostreatus})-typepeptidase(Gibberellazeae)[S08.139]#S08A#{peptidaseunit:129-603}~sourceXP_391648~	8.6e-184	67.7	473
ETS01939.1	MER0500472-familyM79unassignedpeptidases(Listeriamonocytogenes)[M79.UPW]#M79#{peptidaseunit:37-103}~sourceYP_007602758~	4.2e-08	55.2	58
ETS01956.1	MER0382079-carboxypeptidaseMeCPA(Trichodermareesei)[M14.014]#M14A#{peptidaseunit:124-438}~sourceEGR45797~	1.5e-197	100	315
ETS01969.1	MER0761273-familyI9unassignedpeptidaseinhibitors(Trichodermareesei)[I09.UPW]#I09#{inhibitorunit:22-79}~sourceA0A024S9H0~	1.4e-24	100	58
ETS01998.1	MER0133461-familyM50non-peptidasehomologues(Sebaldellatermitidis)[M50.UNW]#M50#{peptidaseunit:89-186}~sourceACZ09042~	4.7e-06	33.3	102
ETS02021.1	MER0064186-guaninedeaminase(Gibberellazeae)[M38.981]#M38#{peptidaseunit:91-423}~sourceXP_385499~	9.1e-143	70.4	348
ETS02032.1	MER0065434-familyS9unassignedpeptidases(Gibberellazeae)[S09.UPW]#S09X#{peptidaseunit:121-322}~sourceXP_382151~	1.1e-82	68.8	202
ETS02040.1	MER0168968-familyC56non-peptidasehomologues(Chaetomiumglobosum)[C56.UNW]#C56#{peptidaseunit:24-164}~sourceXP_001223881~	6.3e-51	64.5	141
ETS02041.1	MER0437914-familyC26unassignedpeptidases(Colletotrichumhigginsianum)[C26.UPW]#C26#{peptidaseunit:60-414}~sourceCCF32285~	1.5e-195	91.5	354
ETS02046.1	MER0204750-subfamilyA1Anon-peptidasehomologues(Nectriahaematococca)[A01.UNA]#A01A#{peptidaseunit:19-401}~sourceEEU40942~	3.9e-136	59	400
ETS02063.1	MER0195833-familyN11unassignedpeptidelyases()[N11.UPW]#N11#{peptidaseunit:944-1048}~sourceYP_003970177~	3.3e-18	43.9	107
ETS02079.1	MER0136116-familyS9non-peptidasehomologues(Batrachochytriumdendrobatidis)[S09.UNW]#S09X#{peptidaseunit:521-715}~sourceBDEG_08400~	7.6e-11	31.3	214
ETS02084.1	MER0920123-subfamilyM16Bnon-peptidasehomologues(Trichodermareesei)[M16.UNB]#M16B#{peptidaseunit:43-381}~sourceA0A024S9R3~	2.4e-182	100	339
ETS02108.1	MER0363315-i-AAApeptidase(Metarhiziumanisopliae)[M41.004]#M41#{peptidaseunit:413-664}~sourceEFZ02190~	2.6e-118	88.5	243
ETS02130.1	MER0145925-familyS9non-peptidasehomologues(Cionasavignyi)[S09.UNW]#S09X#{peptidaseunit:177-352}~sourceENSCSAVP00000011183~	1.1e-41	48.9	180
ETS02148.1	MER0624710-familyC44unassignedpeptidases(Gibberellazeae)[C44.UPW]#C44#{peptidaseunit:54-439}~sourceXP_381609~	2.7e-223	94.6	386
ETS02182.1	MER0624235-familyS9non-peptidasehomologues(Podosporaanserina)[S09.UNW]#S09X#{peptidaseunit:248-616}~sourceXP_001909621~	2.9e-79	43.9	396
ETS02211.1	MER0278187-familyM41non-peptidasehomologues(Glossinamorsitans)[M41.UNW]#M41#{peptidaseunit:240-464}~sourceTMP013082-PA~	2.8e-25	52.7	112
ETS02215.1	MER0813153-familyM1unassignedpeptidases(Metarhiziumbrunneum)[M01.UPW]#M01#{peptidaseunit:228-452}~sourceA0A0B4FIU0~	5.2e-132	96.9	225
ETS02216.1	MER0060274-familyS9unassignedpeptidases(Gibberellazeae)[S09.UPW]#S09X#{peptidaseunit:151-530}~sourceXP_381779~	2.8e-160	71.8	380
ETS02242.1	MER0210961-familyS33unassignedpeptidases(Nectriahaematococca)[S33.UPW]#S33#{peptidaseunit:202-537}~sourceEEU44109~	1.9e-138	69.6	336
ETS02255.1	MER0213252-familyS9non-peptidasehomologues(Verticilliumalbo)[S09.UNW]#S09X#{peptidaseunit:201-430}~sourceEEY19683~	2.8e-82	63.9	230
ETS02296.1	MER0481477-SPBC4F6.19cg.p.({Schizosaccharomycespombe})(Trichodermaatroviride)[M24.A11]#M24B#{peptidaseunit:250-494}~sourceEHK44047~	2.8e-117	84.8	250
ETS02316.1	MER0295438-deuterolysin(Trichodermareesei)[M35.002]#M35#{peptidaseunit:171-341}~sourceEGR49232~	4.6e-56	98.8	171
ETS02319.1	MER0296885-familyS10unassignedpeptidases(Trichodermareesei)[S10.UPW]#S10#{peptidaseunit:1-419}~sourceEGR49229~	1.9e-263	100	419
ETS02353.1	MER1363300-familyS54non-peptidasehomologues(Thecamonastrahens)[S54.UNW]#S54#{peptidaseunit:124-238}~sourceXP_013759534~	1.1e-05	34.7	98
ETS02408.1	MER0157804-familyS9non-peptidasehomologues(Dipodomysordii)[S09.UNW]#S09X#{peptidaseunit:30-204}~sourceENSDORP00000006967~	4.8e-08	31.3	134
ETS02435.1	MER0431856-familyC19unassignedpeptidases(Trichodermaatroviride)[C19.UPW]#C19#{peptidaseunit:585-1198}~sourceEHK43906~	9.3e-264	77.1	615
ETS02469.1	MER0413614-familyM41non-peptidasehomologues(Solanumlycopersicum)[M41.UNW]#M41#{peptidaseunit:392-556}~sourceSolyc08g082530~	9.6e-24	45.8	118
ETS02475.1	MER0276430-saccharopepsin(Trichodermareesei)[A01.018]#A01A#{peptidaseunit:73-395}~sourceEGR48951~	2.2e-187	100	323
ETS02483.1	MER0209249-familyS9unassignedpeptidases(Verticilliumalbo)[S09.UPW]#S09X#{peptidaseunit:122-240}~sourceEEY23843~	6.8e-18	43.3	127
ETS02498.1	MER0511150-familyS9unassignedpeptidases(Macrophominaphaseolina)[S09.UPW]#S09X#{peptidaseunit:92-456}~sourceEKG16763~	1.8e-120	57.3	365
ETS02507.1	MER0279945-carboxypeptidaseMeCPA(Trichodermareesei)[M14.014]#M14A#{peptidaseunit:113-419}~sourceEGR48943~	2.1e-180	100	307
ETS02509.1	MER0065244-familyS9non-peptidasehomologues(Gibberellazeae)[S09.UNW]#S09X#{peptidaseunit:123-428}~sourceXP_389275~	2.9e-134	72.5	306
ETS02591.1	MER0248675-familyC40unassignedpeptidases(Desulfotomaculumkuznetsovii)[C40.UPW]#C40#{peptidaseunit:17-285}~sourceYP_004517199~	0.00058	47.7	44
ETS02596.1	MER0980281-subfamilyS8Aunassignedpeptidases(Trichodermareesei)[S08.UPA]#S08A#{peptidaseunit:89-400}~sourceA0A024SDI4~	3.1e-184	100	312
ETS02629.1	MER0707703-familyC12unassignedpeptidases(Trichodermareesei)[C12.UPW]#C12#{peptidaseunit:94-225,255-337}~sourceA0A024SBA7~	1.4e-119	88.1	244
ETS02631.1	MER0125657-subfamilyC14Bunassignedpeptidases(Sclerotiniasclerotiorum)[C14.UPB]#C14B#{peptidaseunit:112-424}~sourceEDN95117~	4.8e-164	90.2	306
ETS02650.1	MER1360781-familyA31non-peptidasehomologues(Thecamonastrahens)[A31.UNW]#A31#{peptidaseunit:181-256}~sourceXP_013753081~	8.7e-10	44.4	81
ETS02669.1	MER0431507-ubp8({Schizosaccharomycespombe}-type)(Fusariumoxysporum)[C19.A61]#C19#{peptidaseunit:98-513}~sourceEGU85371~	6.7e-213	82.7	417
ETS02679.1	MER0065341-familyS54unassignedpeptidases(Gibberellazeae)[S54.UPW]#S54#{peptidaseunit:26-266}~sourceXP_388130~	5.3e-87	63.1	255
ETS02680.1	MER0278187-familyM41non-peptidasehomologues(Glossinamorsitans)[M41.UNW]#M41#{peptidaseunit:240-464}~sourceTMP013082-PA~	1.2e-16	39.8	133
ETS02714.1	MER0028352-Prb1peptidase(Hypocreavirens)[S08.066]#S08A#{peptidaseunit:105-409}~sourceAAO63588~	1.5e-154	93.5	308
ETS02715.1	MER1024749-familyS33unassignedpeptidases(Exophialaoligosperma)[S33.UPW]#S33#{peptidaseunit:33-298}~sourceA0A0D2A6V6~	1.6e-57	45.7	265
ETS02733.1	MER1073108-subfamilyS49Cnon-peptidasehomologues(Deferribacterdesulfuricans)[S49.UNC]#S49C#{peptidaseunit:109-219}~sourceD3P9A0~	2.2e-16	44.4	108
ETS02741.1	MER0848179-subfamilyM20Aunassignedpeptidases(Bionectriaochroleuca)[M20.UPA]#M20A#{peptidaseunit:405-775}~sourceA0A0B7K4P1~	3.2e-139	64.1	370
ETS02746.1	MER0188982-familyG1unassignedpeptidases(Trichodermareesei)[G01.UPW]#G01#{peptidaseunit:33-235}~sourceEGR49452~	9.9e-103	100	203
ETS02771.1	MER1047980-subfamilyS26Aunassignedpeptidases(Trichodermaatroviride)[S26.UPA]#S26A#{peptidaseunit:31-152}~sourceG9P5W0~	1.7e-64	94.3	122
ETS02783.1	MER0785957-familyI51unassignedpeptidaseinhibitors(Trichodermareesei)[I51.UPW]#I51#{inhibitorunit:237-378}~sourceA0A024SCI3~	1e-76	100	142
ETS02817.1	MER0295850-familyC26non-peptidasehomologues(Nematostellavectensis)[C26.UNW]#C26#{peptidaseunit:61-329}~sourceXP_001621066~	1.3e-05	33.7	83
ETS02840.1	MER0307479-ornithineacetyltransferaseprecursor(Trichodermareesei)[T05.001]#T05#{peptidaseunit:216-447}~sourceEGR49625~	5.4e-126	100	232
ETS02920.1	MER0065250-familyC56non-peptidasehomologues(Gibberellazeae)[C56.UNW]#C56#{peptidaseunit:41-192}~sourceXP_389155~	1.7e-51	62.7	153
ETS02976.1	MER0316628-insulysinhomologue({Saccharomycescerevisiae})(Trichodermareesei)[M16.A04]#M16C#{peptidaseunit:59-504}~sourceEGR49562~	7.1e-260	100	446
ETS02977.1	MER0295546-Ste24peptidase(Trichodermareesei)[M48.001]#M48A#{peptidaseunit:163-436}~sourceEGR49342~	3.1e-154	100	274
ETS02978.1	MER0316329-CYM1peptidase({Saccharomycescerevisiae})(Trichodermareesei)[M16.013]#M16C#{peptidaseunit:76-570}~sourceEGR49561~	2.8e-295	100	495
ETS02991.1	MER0624456-familyI4unassignedpeptidaseinhibitors(Podosporaanserina)[I04.UPW]#I04#{inhibitorunit:4-40}~sourceXP_001911735~	1.5e-07	76.9	39
ETS02994.1	MER0033143-familyS33non-peptidasehomologues(Magnaporthegrisea)[S33.UNW]#S33#{peptidaseunit:83-495}~sourceMG07340_4~	4.2e-57	35.7	381
ETS03044.1	MER0442879-familyC26unassignedpeptidases(Trichodermaatroviride)[C26.UPW]#C26#{peptidaseunit:18-259}~sourceEHK41796~	7.4e-127	86.4	242
ETS03050.1	MER0460848-proteasomesubunitalpha1(Trichodermaatroviride)[T01.976]#T01A#{peptidaseunit:27-247}~sourceEHK41802~	3.7e-117	94.1	221
ETS03058.1	MER1269834-subfamilyS1Bunassignedpeptidases(Caedibactersp.37-49)[S01.UPB]#S01B#{peptidaseunit:83-303}~sourceOJX12654~	3.8e-07	27.8	158
ETS03079.1	MER0324033-familyC97unassignedpeptidases(Trichodermareesei)[C97.UPW]#C97#{peptidaseunit:3-151}~sourceEGR49293~	6.9e-81	100	149
ETS03115.1	MER0383736-subfamilyA1Aunassignedpeptidases(Trichodermareesei)[A01.UPA]#A01A#{peptidaseunit:71-381}~sourceEGR49498~	7.2e-187	100	311
ETS03121.1	MER0064146-familyC44unassignedpeptidases(Gibberellazeae)[C44.UPW]#C44#{peptidaseunit:2-160}~sourceXP_386323~	6.8e-88	95.6	159
ETS03136.1	MER0277509-aminopeptidaseI(Trichodermareesei)[M18.001]#M18#{peptidaseunit:46-505}~sourceEGR49266~	1.1e-273	100	460
ETS03153.1	MER0032537-subfamilyS9Cunassignedpeptidases(Aspergillusoryzae)[S09.UPC]#S09C#{peptidaseunit:188-441}~sourceAO070266000035~	8.9e-59	44.6	258
ETS03160.1	MER0710725-familyC19unassignedpeptidases(Trichodermareesei)[C19.UPW]#C19#{peptidaseunit:137-644}~sourceG0RH21~	7.4e-286	100	505
ETS03177.1	MER0496059-subfamilyA1Aunassignedpeptidases(Trichodermareesei)[A01.UPA]#A01A#{peptidaseunit:26-414}~sourceEGR49881~	2.2e-230	100	389
ETS03179.1	MER0065371-familyS9non-peptidasehomologues(Gibberellazeae)[S09.UNW]#S09X#{peptidaseunit:122-370}~sourceXP_387975~	3.5e-91	58.9	248
ETS03185.1	MER0032113-familyS9unassignedpeptidases(Emericellanidulans)[S09.UPW]#S09X#{peptidaseunit:2191-2492}~sourceEAA58470~	9.3e-59	42.8	304
ETS03191.1	MER0287914-familyM4unassignedpeptidases(Trichodermareesei)[M04.UPW]#M04#{peptidaseunit:166-409}~sourceEGR49888~	6e-148	100	244
ETS03196.1	MER0624725-familyS33non-peptidasehomologues(Gibberellazeae)[S33.UNW]#S33#{peptidaseunit:37-479}~sourceXP_382283~	4.7e-54	31.2	477
ETS03199.1	MER0130678-familyS33non-peptidasehomologues(Thermomonosporacurvata)[S33.UNW]#S33#{peptidaseunit:44-381}~sourceGEBA2500647876~	1.1e-51	35.8	341
ETS03207.1	MER0277122-PepAbpeptidase(Trichodermareesei)[A01.080]#A01A#{peptidaseunit:102-444}~sourceEGR49707~	2.8e-199	100	343
ETS03235.1	MER0033095-familyS9unassignedpeptidases(Magnaporthegrisea)[S09.UPW]#S09X#{peptidaseunit:175-584}~sourceMG00314_4~	3.3e-128	55.3	412
ETS03252.1	MER0032403-subfamilyM20Bnon-peptidasehomologues(Aspergillusoryzae)[M20.UNB]#M20B#{peptidaseunit:171-560}~sourceAO070320000107~	1e-164	70.3	387
ETS03284.1	MER0136039-familyS9non-peptidasehomologues(Batrachochytriumdendrobatidis)[S09.UNW]#S09X#{peptidaseunit:171-376}~sourceBDEG_06660~	7.4e-21	46	113
ETS03293.1	MER0037264-familyS33non-peptidasehomologues(Rhodococcussp.)[S33.UNW]#S33#{peptidaseunit:32-291}~sourceDHAA_RHOSD~	1.3e-60	53.5	213
ETS03311.1	MER0972964-subfamilyS8Aunassignedpeptidases(Trichodermareesei)[S08.UPA]#S08A#{peptidaseunit:122-306,472-584}~sourceA0A024SFM9~	6.8e-149	64.4	463
ETS03331.1	MER0625601-familyS9unassignedpeptidases(Thielaviaterrestris)[S09.UPW]#S09X#{peptidaseunit:51-413}~sourceXP_003651683~	7.4e-90	46.2	368
ETS03386.1	MER0624771-familyS33non-peptidasehomologues(Gibberellazeae)[S33.UNW]#S33#{peptidaseunit:17-291}~sourceXP_383349~	8.4e-86	56.5	276
ETS03452.1	MER0102730-YME1L1g.p.({Homosapiens})andsimilar(Dasypusnovemcinctus)[M41.026]#M41#{peptidaseunit:1-655}~sourceENSDNOP00000009692~	4.9e-05	36.4	88
ETS03475.1	MER0293632-familyC19unassignedpeptidases(Trichodermareesei)[C19.UPW]#C19#{peptidaseunit:77-554}~sourceEGR49828~	2.8e-244	100	478
ETS03485.1	MER0275658-Mername-AA293peptidase(Trichodermareesei)[M43.008]#M43B#{peptidaseunit:125-263}~sourceEGR50016~	2.7e-80	100	139
ETS03505.1	MER0209954-familyS9non-peptidasehomologues(Pyrenophoratritici)[S09.UNW]#S09X#{peptidaseunit:94-329}~sourceXP_001936459~	1.7e-27	37.6	218
ETS03506.1	MER0383643-SA76peptidase({Trichodermasp.})(Trichodermareesei)[A01.082]#A01A#{peptidaseunit:61-399}~sourceEGR49837~	3.3e-194	100	339
ETS03514.1	MER0489146-subfamilyS9Cnon-peptidasehomologues(Trichodermaatroviride)[S09.UNC]#S09C#{peptidaseunit:429-671}~sourceEHK42892~	7.8e-84	58.8	243
ETS03612.1	MER0032561-familyS9unassignedpeptidases(Aspergillusoryzae)[S09.UPW]#S09X#{peptidaseunit:96-454}~sourceAO070240000026~	7.9e-82	45.7	359
ETS03617.1	MER0485926-subfamilyM24Aunassignedpeptidases(Metarhiziumanisopliae)[M24.UPA]#M24A#{peptidaseunit:128-442}~sourceEFY96244~	1.1e-155	86.5	310
ETS03631.1	MER0421624-familyS12unassignedpeptidases(Nectriahaematococca)[S12.UPW]#S12#{peptidaseunit:38-408}~sourceXP_003043892~	1.5e-167	72.8	372
ETS03638.1	MER0033126-familyM38non-peptidasehomologues(Magnaporthegrisea)[M38.UNW]#M38#{peptidaseunit:44-397}~sourceMG02243_4~	5.6e-119	59.8	358
ETS03639.1	MER0194922-subfamilyM28Eunassignedpeptidases(Trichodermareesei)[M28.UPE]#M28E#{peptidaseunit:144-358}~sourceEGR50305~	1.2e-118	100	215
ETS03681.1	MER0383556-SA76peptidase({Trichodermasp.})(Trichodermareesei)[A01.082]#A01A#{peptidaseunit:49-396}~sourceEGR50321~	6.4e-188	100	348
ETS03719.1	MER0145977-familyS9non-peptidasehomologues(Cionasavignyi)[S09.UNW]#S09X#{peptidaseunit:260-473}~sourceENSCSAVP00000015613~	6.3e-67	58.3	218
ETS03726.1	MER0148450-familyS9non-peptidasehomologues(Cionaintestinalis)[S09.UNW]#S09X#{peptidaseunit:30-221}~sourceENSCINP00000006964~	2.8e-06	30.8	104
ETS03741.1	MER0625108-familyS9unassignedpeptidases(Gibberellazeae)[S09.UPW]#S09X#{peptidaseunit:106-271}~sourceXP_390683~	2.3e-40	47	166
ETS03742.1	MER0987640-subfamilyS8Anon-peptidasehomologues(Fonsecaeapedrosoi)[S08.UNA]#S08A#{peptidaseunit:729-975}~sourceA0A0D2F0H7~	7.9e-51	47.4	266
ETS03774.1	MER1363039-familyS33non-peptidasehomologues(Thecamonastrahens)[S33.UNW]#S33#{peptidaseunit:312-465}~sourceXP_013758825~	1e-35	45.5	154
ETS03798.1	MER0295850-familyC26non-peptidasehomologues(Nematostellavectensis)[C26.UNW]#C26#{peptidaseunit:61-329}~sourceXP_001621066~	3.5e-10	43.5	85
ETS03803.1	MER0032861-amidophosphoribosyltransferaseprecursor(Magnaporthegrisea)[C44.001]#C44#{peptidaseunit:2-259}~sourceMG04618_4~	5.1e-105	68.6	283
ETS03821.1	MER0974252-subfamilyS8Aunassignedpeptidases(Trichodermareesei)[S08.UPA]#S08A#{peptidaseunit:188-404}~sourceA0A024SH38~	1.2e-120	100	217
ETS03871.1	MER0032150-familyS33unassignedpeptidases(Emericellanidulans)[S33.UPW]#S33#{peptidaseunit:126-574}~sourceAN4057_1~	5.1e-106	44.2	473
ETS03884.1	MER0174079-familyM38non-peptidasehomologues(Rhodococcusopacus)[M38.UNW]#M38#{peptidaseunit:135-513}~sourceBAH53915~	4.8e-84	45.6	384
ETS03893.1	MER0060232-familyM38non-peptidasehomologues(Gibberellazeae)[M38.UNW]#M38#{peptidaseunit:136-504}~sourceXP_382660~	4.3e-165	77	369
ETS03909.1	MER0296714-carboxypeptidaseY(Trichodermareesei)[S10.001]#S10#{peptidaseunit:133-543}~sourceEGR50422~	1.2e-255	100	411
ETS03921.1	MER0064094-proteasomesubunitbeta5c(Gibberellazeae)[T01.012]#T01A#{peptidaseunit:69-273}~sourceXP_387062~	2.3e-114	97.1	205
ETS03925.1	MER0215589-familyS33unassignedpeptidases(Gibberellazeae)[S33.UPW]#S33#{peptidaseunit:902-1273}~sourceXP_387058~	3.9e-116	58.9	367
ETS03930.1	MER0381401-familyS33unassignedpeptidases(Metarhiziumacridum)[S33.UPW]#S33#{peptidaseunit:34-469}~sourceEFY92793~	8.6e-170	64.7	451
ETS03964.1	MER0347799-mitochondrialintermediatepeptidase(Trichodermareesei)[M03.006]#M03A#{peptidaseunit:149-773}~sourceEGR50222~	0	100	625
ETS04023.1	MER0412697-familyM41non-peptidasehomologues(Solanumtuberosum)[M41.UNW]#M41#{peptidaseunit:385-549}~sourcePGSC0003DMP400021722~	1.8e-17	39.7	116
ETS04033.1	MER0344430-familyC15unassignedpeptidases(Trichodermareesei)[C15.UPW]#C15#{peptidaseunit:8-207}~sourceEGR50247~	2.5e-119	100	200
ETS04291.1	MER0136039-familyS9non-peptidasehomologues(Batrachochytriumdendrobatidis)[S09.UNW]#S09X#{peptidaseunit:171-376}~sourceBDEG_06660~	2.6e-05	34.1	82
ETS04318.1	MER0064864-familyS9non-peptidasehomologues(Gibberellazeae)[S09.UNW]#S09X#{peptidaseunit:104-425}~sourceXP_389440~	4.4e-132	67.5	317
ETS04341.1	MER0327853-familyM80unassignedpeptidases(Hypocreavirens)[M80.UPW]#M80#{peptidaseunit:16-148}~sourceEHK21538~	5e-74	97.7	133
ETS04369.1	MER0999804-subfamilyS9Bunassignedpeptidases(Trichodermareesei)[S09.UPB]#S09B#{peptidaseunit:433-681}~sourceA0A024SFP5~	1.6e-156	100	249
ETS04419.1	MER0295850-familyC26non-peptidasehomologues(Nematostellavectensis)[C26.UNW]#C26#{peptidaseunit:61-329}~sourceXP_001621066~	5e-12	34.5	139
ETS04429.1	MER0302017-dipeptidyl-peptidaseIII({Saccharomyces}-type)(Trichodermareesei)[M49.004]#M49#{peptidaseunit:423-649}~sourceEGR51515~	2.6e-130	100	227
ETS04430.1	MER0512373-subfamilyM24Bunassignedpeptidases(Saimiriboliviensis)[M24.UPB]#M24B#{peptidaseunit:242-696}~sourceXP_003933024~	1.5e-14	46.1	102
ETS04457.1	MER0047368-familyS33unassignedpeptidases(Leishmaniamajor)[S33.UPW]#S33#{peptidaseunit:57-329}~sourceAC090053~	1.3e-82	53.5	273
ETS04480.1	MER0511207-subfamilyM23Bunassignedpeptidases(Macrophominaphaseolina)[M23.UPB]#M23B#{peptidaseunit:398-594}~sourceEKG19533~	1.4e-12	48.8	80
ETS04499.1	MER0967718-subfamilyS8Anon-peptidasehomologues(Hypocreavirens)[S08.UNA]#S08A#{peptidaseunit:816-1047}~sourceG9MJG2~	2.8e-20	35.7	263
ETS04504.1	MER0457755-familyC44unassignedpeptidases(Aspergillusclavatus)[C44.UPW]#C44#{peptidaseunit:2-187}~sourceXP_001272100~	2.3e-25	40.3	176
ETS04519.1	MER0211167-familyS33unassignedpeptidases(Gibberellazeae)[S33.UPW]#S33#{peptidaseunit:87-390}~sourceXP_380763~	2.9e-139	77.6	304
ETS04527.1	MER0211573-familyS33unassignedpeptidases(Sclerotiniasclerotiorum)[S33.UPW]#S33#{peptidaseunit:131-379}~sourceXP_001591647~	2.2e-49	42.1	252
ETS04617.1	MER0202996-Mername-AA063peptidase(Trichodermareesei)[M28.006]#M28E#{peptidaseunit:130-380}~sourceEGR51430~	2.8e-142	100	251
ETS04642.1	MER0785688-familyI51unassignedpeptidaseinhibitors(Trichodermareesei)[I51.UPW]#I51#{inhibitorunit:35-190}~sourceG0RBZ4~	1.2e-88	100	156
ETS04647.1	MER0472968-C44E12.1g.p.({Caenorhabditiselegans})(Trichodermaatroviride)[M20.A16]#M20A#{peptidaseunit:46-408}~sourceEHK50477~	1.8e-176	80.4	363
ETS04650.1	MER0148450-familyS9non-peptidasehomologues(Cionaintestinalis)[S09.UNW]#S09X#{peptidaseunit:30-221}~sourceENSCINP00000006964~	1.5e-10	25.9	166
ETS04675.1	MER0449810-familyC26unassignedpeptidases(Trichodermaatroviride)[C26.UPW]#C26#{peptidaseunit:6-238}~sourceEHK50442~	4.4e-74	61.2	240
ETS04682.1	MER0853622-subfamilyM20Aunassignedpeptidases(Trichodermareesei)[M20.UPA]#M20A#{peptidaseunit:67-567}~sourceA0A024SJW4~	2e-298	100	501
ETS04694.1	MER0728144-familyC48unassignedpeptidases(Clavicepspurpurea)[C48.UPW]#C48#{peptidaseunit:24-178}~sourceM1VXW2~	5.1e-81	90.3	155
ETS04739.1	MER0874598-familyM38non-peptidasehomologues(Trichodermaatroviride)[M38.UNW]#M38#{peptidaseunit:214-391}~sourceG9NGF6~	6.9e-80	82	178
ETS04771.1	MER0626147-familyS9unassignedpeptidases(Aspergillusniger)[S09.UPW]#S09X#{peptidaseunit:86-462}~sourceXP_001396326~	1.2e-119	58.4	375
ETS04827.1	MER0282573-familyM1unassignedpeptidases(Torulasporadelbrueckii)[M01.UPW]#M01#{peptidaseunit:107-522}~sourceXP_003681796~	4.3e-159	64.3	426
ETS04838.1	MER0060390-familyS9unassignedpeptidases(Metallosphaerasedula)[S09.UPW]#S09X#{peptidaseunit:46-294}~sourceYP_001191160~	3.5e-28	33.6	229
ETS04840.1	MER0897711-familyC56non-peptidasehomologues(Pseudogymnoascuspannorum)[C56.UNW]#C56#{peptidaseunit:31-157}~sourceA0A094F175~	6.2e-39	58.3	127
ETS04880.1	MER0511397-familyS33non-peptidasehomologues(Macrophominaphaseolina)[S33.UNW]#S33#{peptidaseunit:46-347}~sourceEKG13790~	1.2e-53	36	303
ETS05222.1	MER0626363-familyC110unassignedpeptidases(Trichodermareesei)[C110.UPW]#C110#{peptidaseunit:358-463}~sourceXP_006962219~	7.7e-60	100	106
ETS05250.1	MER0119691-familyS12unassignedpeptidases(Aspergillusterreus)[S12.UPW]#S12#{peptidaseunit:42-404}~sourceEAU36137~	2.2e-132	61.8	364
ETS05258.1	MER0148183-familyS9non-peptidasehomologues(Cionaintestinalis)[S09.UNW]#S09X#{peptidaseunit:334-554}~sourceENSCINP00000003574~	8.5e-11	25.7	249
ETS05262.1	MER0064714-subfamilyM67Anon-peptidasehomologues(Gibberellazeae)[M67.UNA]#M67A#{peptidaseunit:25-130}~sourceXP_389774~	1.4e-43	76.4	106
ETS05279.1	MER0656118-familyC13unassignedpeptidases(Magnaporthiopsispoae)[C13.UPW]#C13#{peptidaseunit:29-298}~sourceA0A0C4E123~	2.7e-150	94.1	270
ETS05291.1	MER1130725-familyI15unassignedpeptidaseinhibitors(Panagrellusredivivus)[I15.UPW]#I15#{inhibitorunit:289-342}~sourcePan_g20486_t1~	1.5e-07	51.2	43
ETS05303.1	MER0442588-carbamylphosphatesynthetase(Trichodermaatroviride)[C26.956]#C26#{peptidaseunit:115-444}~sourceEHK43396~	1.2e-173	89.7	330
ETS05307.1	MER0214668-familyS9non-peptidasehomologues(Nectriahaematococca)[S09.UNW]#S09X#{peptidaseunit:41-241}~sourceEEU36722~	1.6e-59	52.9	208
ETS05328.1	MER0863719-familyM38non-peptidasehomologues(Trichodermareesei)[M38.UNW]#M38#{peptidaseunit:235-420}~sourceA0A024SK89~	3.2e-97	100	186
ETS05369.1	MER1034677-familyS16unassignedpeptidases(Fusariumsp.FIESC_5CS3069)[S16.UPW]#S16#{peptidaseunit:793-1089}~sourceA0A090MEZ3~	5.1e-133	90.6	297
ETS05432.1	MER0135176-familyS9non-peptidasehomologues(Batrachochytriumdendrobatidis)[S09.UNW]#S09X#{peptidaseunit:407-572}~sourceBDEG_03084~	1.2e-27	34.9	215
ETS05448.1	MER0408764-familyM20Dunassignedpeptidases(Macrophominaphaseolina)[M20.UPD]#M20D#{peptidaseunit:85-208}~sourceEKG11719~	6.5e-22	44	125
ETS05454.1	MER0064211-familyS33unassignedpeptidases(Gibberellazeae)[S33.UPW]#S33#{peptidaseunit:35-474}~sourceXP_385184~	1e-183	69.2	439
ETS05487.1	MER0361046-familyS16unassignedpeptidases(Trichodermareesei)[S16.UPW]#S16#{peptidaseunit:674-917}~sourceEGR51938~	5.1e-134	100	244
ETS05527.1	MER0962227-subfamilyS1Cunassignedpeptidases(Gibberellamoniliformis)[S01.UPC]#S01C#{peptidaseunit:103-376}~sourceW7MKG6~	6.5e-151	91.6	274
ETS05537.1	MER1073240-subfamilyS49Cnon-peptidasehomologues(Acinetobacterbohemicus)[S49.UNC]#S49C#{peptidaseunit:84-212}~sourceN8Q6E4~	6.6e-32	58.2	122
ETS05545.1	MER0465061-familyT1unassignedpeptidases(Trichodermaatroviride)[T01.UPW]#T01X#{peptidaseunit:32-234}~sourceEHK41153~	7.5e-107	97.5	203
ETS05547.1	MER1148731-familyM79unassignedpeptidases(Trichobilharziaregenti)[M79.UPW]#M79#{peptidaseunit:34-95}~sourceTRE_0001023701~	3.2e-12	75.6	41
ETS05616.1	MER0264995-familyM41non-peptidasehomologues(Takifugurubripes)[M41.UNW]#M41#{peptidaseunit:202-425}~sourceENSTRUP00000011081~	1.1e-14	37.7	151
ETS05652.1	MER0156586-familyS9non-peptidasehomologues(Dipodomysordii)[S09.UNW]#S09X#{peptidaseunit:18-176,276-311}~sourceENSDORP00000000182~	1.1e-27	29	297
ETS05665.1	MER0136044-familyS9non-peptidasehomologues(Batrachochytriumdendrobatidis)[S09.UNW]#S09X#{peptidaseunit:29-201}~sourceBDEG_06799~	3.3e-54	57.2	180
ETS05704.1	MER0183521-familyS9non-peptidasehomologues(Ochotonaprinceps)[S09.UNW]#S09X#{peptidaseunit:183-407}~sourceENSOPRP00000001958~	2.9e-31	33.6	244
ETS05750.1	MER0157926-familyS9non-peptidasehomologues(Dipodomysordii)[S09.UNW]#S09X#{peptidaseunit:1-143}~sourceENSDORP00000010931~	1e-12	36.1	147
ETS05781.1	MER0511182-subfamilyS9Cnon-peptidasehomologues(Macrophominaphaseolina)[S09.UNC]#S09C#{peptidaseunit:121-344}~sourceEKG18454~	1.8e-69	59.3	226
ETS05786.1	MER1178967-familyG1unassignedpeptidases(Trichodermaguizhouense)[G01.UPW]#G01#{peptidaseunit:344-546}~sourceOPB44713~	1e-92	92.1	177
ETS05792.1	MER0710146-familyC19non-peptidasehomologues(Trichodermareesei)[C19.UNW]#C19#{peptidaseunit:35-585}~sourceA0A024SJ23~	1.6e-295	100	551
ETS05803.1	MER0988946-subfamilyS8Aunassignedpeptidases(Trichodermareesei)[S08.UPA]#S08A#{peptidaseunit:165-347,515-622}~sourceA0A024SLL2~	7.9e-148	63.5	458
ETS05822.1	MER0470378-proteasomesubunitbeta2c(Trichodermaatroviride)[T01.011]#T01A#{peptidaseunit:30-231}~sourceEHK40986~	7.3e-110	95.5	202
ETS05831.1	MER0158050-familyS9non-peptidasehomologues(Dipodomysordii)[S09.UNW]#S09X#{peptidaseunit:54-305}~sourceENSDORP00000014784~	4.6e-05	25.1	223
ETS06205.1	MER1048951-subfamilyS26Aunassignedpeptidases(Trichodermareesei)[S26.UPA]#S26A#{peptidaseunit:44-174}~sourceA0A024SLT8~	7.2e-72	100	131
ETS06234.1	MER0439686-proteasomesubunitalpha3(Nectriahaematococca)[T01.977]#T01A#{peptidaseunit:36-268}~sourceXP_003054281~	1.4e-119	89.3	233
ETS06239.1	MER0278187-familyM41non-peptidasehomologues(Glossinamorsitans)[M41.UNW]#M41#{peptidaseunit:240-464}~sourceTMP013082-PA~	9.7e-27	53.8	117
ETS06345.1	MER1360781-familyA31non-peptidasehomologues(Thecamonastrahens)[A31.UNW]#A31#{peptidaseunit:181-256}~sourceXP_013753081~	3.3e-08	41	78
ETS06349.1	MER0241324-familyS9non-peptidasehomologues(Desulfovibriofructosivorans)[S09.UNW]#S09X#{peptidaseunit:41-206}~sourceZP_07333476~	4.2e-05	25.2	143
ETS06356.1	MER1075375-familyS54non-peptidasehomologues(Trichodermareesei)[S54.UNW]#S54#{peptidaseunit:352-534}~sourceG0R743~	9.9e-101	100	183
ETS06401.1	MER0064108-familyS33non-peptidasehomologues(Gibberellazeae)[S33.UNW]#S33#{peptidaseunit:20-324}~sourceXP_386920~	1.5e-115	61.4	306
ETS06415.1	MER1084060-familyS54non-peptidasehomologues(Tubermelanosporum)[S54.UNW]#S54#{peptidaseunit:70-203}~sourceD5G741~	5e-29	50.4	123
ETS06418.1	MER0032938-subfamilyM12Bunassignedpeptidases(Magnaporthegrisea)[M12.UPB]#M12B#{peptidaseunit:322-583}~sourceMG03200_4~	5.3e-79	64.8	230
ETS06453.1	MER0315195-subfamilyM16Aunassignedpeptidases(Arthrodermagypseum)[M16.UPA]#M16A#{peptidaseunit:57-548}~sourceXP_003173887~	8.3e-165	57.1	492
ETS06454.1	MER0293854-familyC19unassignedpeptidases(Trichodermaatroviride)[C19.UPW]#C19#{peptidaseunit:531-1380}~sourceEHK48904~	0	81.4	869
ETS06499.1	MER0064088-familyM24non-peptidasehomologues(Gibberellazeae)[M24.UNW]#M24X#{peptidaseunit:9-375}~sourceXP_387131~	3.1e-176	85.3	367
ETS06503.1	MER1360781-familyA31non-peptidasehomologues(Thecamonastrahens)[A31.UNW]#A31#{peptidaseunit:181-256}~sourceXP_013753081~	2.2e-11	46.8	77
ETS06506.1	MER0907977-familyM76unassignedpeptidases(Metarhiziumrobertsii)[M76.UPW]#M76#{peptidaseunit:90-275}~sourceA0A0A1V2S3~	2.7e-101	87.6	186
ETS06520.1	MER0625115-familyS9unassignedpeptidases(Myceliophthorathermophila)[S09.UPW]#S09X#{peptidaseunit:111-505}~sourceXP_003663688~	1.1e-123	58.9	389
ETS06527.1	MER0365567-trypsin(fungal)(Trichodermareesei)[S01.103]#S01A#{peptidaseunit:29-259}~sourceEGR52804~	2.7e-130	100	231
ETS06539.1	MER0135228-familyM38non-peptidasehomologues(Batrachochytriumdendrobatidis)[M38.UNW]#M38#{peptidaseunit:151-525}~sourceBDEG_02117~	6.7e-74	42.5	386
ETS06603.1	MER0146194-familyS9non-peptidasehomologues(Cionasavignyi)[S09.UNW]#S09X#{peptidaseunit:89-291}~sourceENSCSAVP00000016518~	1.3e-36	37.7	207
ETS06614.1	MER1080184-familyS54non-peptidasehomologues(Bionectriaochroleuca)[S54.UNW]#S54#{peptidaseunit:25-194}~sourceA0A0B7K3H1~	3.3e-70	75.3	170
ETS06691.1	MER0157602-familyS9non-peptidasehomologues(Dipodomysordii)[S09.UNW]#S09X#{peptidaseunit:137-279}~sourceENSDORP00000000060~	1.9e-08	29.2	144
ETS06728.1	MER0195855-subfamilyM28Bunassignedpeptidases(Trichodermareesei)[M28.UPB]#M28B#{peptidaseunit:472-732}~sourceEGR52906~	1.5e-154	100	261
ETS06747.1	MER0761770-familyI13unassignedpeptidaseinhibitors(Trichodermareesei)[I13.UPW]#I13#{inhibitorunit:18-72}~sourceG0R8N9~	9.1e-24	93.2	59
ETS06784.1	MER0091802-signalase(animal)21kDacomponent(Gibberellazeae)[S26.010]#S26B#{peptidaseunit:37-172}~sourceQ4IFK9~	3e-64	87.5	136
ETS06792.1	MER0101148-trichodermapepsin(Trichodermareesei)[A01.027]#A01A#{peptidaseunit:82-407}~sourceCAJ44684~	1.5e-183	100	326
ETS06824.1	MER1007778-familyS12unassignedpeptidases(Trichodermareesei)[S12.UPW]#S12#{peptidaseunit:85-328}~sourceA0A024SL17~	1.5e-141	100	244
ETS06868.1	MER1051527-familyS51unassignedpeptidases(Trichodermareesei)[S51.UPW]#S51#{peptidaseunit:35-245}~sourceG0R938~	7.2e-116	100	211
ETS06871.1	MER0064159-familyS33unassignedpeptidases(Gibberellazeae)[S33.UPW]#S33#{peptidaseunit:7-236}~sourceXP_385975~	8e-21	32.6	233
ETS06880.1	MER0310512-ATG4peptidase(Trichodermareesei)[C54.001]#C54#{peptidaseunit:118-405}~sourceEGR48340~	2.6e-171	100	288
ETS06888.1	MER0156766-familyS9non-peptidasehomologues(Dipodomysordii)[S09.UNW]#S09X#{peptidaseunit:59-277}~sourceENSDORP00000002976~	1.3e-65	54.3	223
ETS06892.1	MER0087541-familyS33unassignedpeptidases(Aspergillusclavatus)[S33.UPW]#S33#{peptidaseunit:60-599}~sourceEAW12345~	7.6e-70	32.6	561
ETS06908.1	MER0905917-subfamilyM67Aunassignedpeptidases(Villosiclavavirens)[M67.UPA]#M67A#{peptidaseunit:1-310}~sourceA0A063C1X7~	4.6e-170	97.1	310
ETS06922.1	MER1001413-subfamilyS9Bunassignedpeptidases(Trichodermareesei)[S09.UPB]#S09B#{peptidaseunit:421-633}~sourceA0A024SM81~	6.9e-122	100	213
ETS06923.1	MER0625535-familyS33unassignedpeptidases(Myceliophthorathermophila)[S33.UPW]#S33#{peptidaseunit:170-462,568-631}~sourceXP_003665390~	7e-133	53.2	462
ETS06944.1	MER0467330-subfamilyM10Bunassignedpeptidases(Podosporaanserina)[M10.UPB]#M10B#{peptidaseunit:46-211}~sourceXP_003437450~	4.3e-16	32.9	167
ETS06973.1	MER0327808-familyM80unassignedpeptidases(Trichodermareesei)[M80.UPW]#M80#{peptidaseunit:2-145}~sourceEGR48388~	5.8e-82	100	144
ETS07021.1	MER0209922-familyS9unassignedpeptidases(Sordariamacrospora)[S09.UPW]#S09X#{peptidaseunit:5-288}~sourceCBI58457~	5.8e-77	48.4	285
ETS07037.1	MER1118174-familyI4unassignedpeptidaseinhibitors(Enterobiusvermicularis)[I04.UPW]#I04#{inhibitorunit:261-509}~sourceEVEC_0000955001~	1.6e-34	46.2	173
ETS07055.1	MER0394754-methionylaminopeptidase1({Escherichia}-type)(Trichodermareesei)[M24.001]#M24A#{peptidaseunit:131-384}~sourceEGR48421~	3.7e-150	100	254
ETS07060.1	MER0383780-subfamilyA1Aunassignedpeptidases(Trichodermareesei)[A01.UPA]#A01A#{peptidaseunit:54-398}~sourceEGR48424~	2.2e-197	100	345
ETS07071.1	MER0209896-subfamilyS9Cunassignedpeptidases(Chaetomiumglobosum)[S09.UPC]#S09C#{peptidaseunit:93-344}~sourceXP_001226361~	1e-58	48.4	250
ETS07073.1	MER0215489-familyS33non-peptidasehomologues(Neosartoryafischeri)[S33.UNW]#S33#{peptidaseunit:33-512}~sourceXP_001266560~	7.4e-205	73	471
ETS07084.1	MER0204230-subfamilyM28Eunassignedpeptidases(Trichodermareesei)[M28.UPE]#M28E#{peptidaseunit:166-427}~sourceEGR48255~	3.4e-149	100	262
ETS07085.1	MER0209012-familyS9non-peptidasehomologues(Corynebacteriumaccolens)[S09.UNW]#S09X#{peptidaseunit:1-171}~sourceZP_03933731~	1.4e-13	36.1	147
ETS07095.1	MER0064128-familyS33non-peptidasehomologues(Gibberellazeae)[S33.UNW]#S33#{peptidaseunit:27-298}~sourceXP_386641~	2.5e-64	44.3	271
ETS07111.1	MER0212580-familyS33unassignedpeptidases(Nectriahaematococca)[S33.UPW]#S33#{peptidaseunit:346-576}~sourceEEU41980~	3.1e-52	45.6	239
ETS07119.1	MER0067387-subfamilyS9Cunassignedpeptidases(Polaromonassp.JS666)[S09.UPC]#S09C#{peptidaseunit:5-211}~sourceYP_547112~	8.2e-10	35	123
ETS07135.1	MER0209434-familyS9non-peptidasehomologues(Nectriahaematococca)[S09.UNW]#S09X#{peptidaseunit:124-306}~sourceEEU42730~	1.2e-43	47.1	187
ETS07144.1	MER1206231-subfamilyM10Aunassignedpeptidases(Parasteatodatepidariorum)[M10.UPA]#M10A#{peptidaseunit:82-249}~sourceXP_021001031~	8.3e-06	76.5	34
ETS07151.1	MER0157804-familyS9non-peptidasehomologues(Dipodomysordii)[S09.UNW]#S09X#{peptidaseunit:30-204}~sourceENSDORP00000006967~	0.00042	27.3	88
ETS07176.1	MER0032718-familyS33unassignedpeptidases(Aspergillusoryzae)[S33.UPW]#S33#{peptidaseunit:28-261}~sourceAO070321000144~	2.9e-47	39.7	237
ETS07179.1	MER0385967-familyC56non-peptidasehomologues(Trichodermareesei)[C56.UNW]#C56#{peptidaseunit:56-170}~sourceEGR48300~	5.4e-63	100	115
ETS07181.1	MER0437923-GMPsynthase(Colletotrichumhigginsianum)[C26.957]#C26#{peptidaseunit:10-247}~sourceCCF44216~	1.9e-120	85.8	239
ETS07229.1	MER0133051-familyS9non-peptidasehomologues(Catenulisporaacidiphila)[S09.UNW]#S09X#{peptidaseunit:14-306}~sourceGEBA2500499292~	1.2e-87	57.3	274
ETS07234.1	MER0305009-familyS28unassignedpeptidases(Trichodermareesei)[S28.UPW]#S28#{peptidaseunit:36-483}~sourceEGR48330~	7.2e-254	95.6	451
ETS07249.1	MER0382286-subfamilyM14Aunassignedpeptidases(Trichodermareesei)[M14.UPA]#M14A#{peptidaseunit:62-433}~sourceEGR48337~	1.6e-215	100	372
