PNP39995.1	MER0136039-familyS9non-peptidasehomologues(Batrachochytriumdendrobatidis)[S09.UNW]#S09X#{peptidaseunit:171-376}~sourceBDEG_06660~	3.4e-21	46	113
PNP41307.1	MER0999696-subfamilyS9Bunassignedpeptidases(Caproniacoronata)[S09.UPB]#S09B#{peptidaseunit:437-683}~sourceW9Z3X9~	2.4e-63	67.7	167
PNP42056.1	MER0851575-subfamilyM20Aunassignedpeptidases(Trichodermareesei)[M20.UPA]#M20A#{peptidaseunit:77-587}~sourceG0RRB3~	3.2e-180	73.7	418
PNP42379.1	MER1010354-familyS12unassignedpeptidases(Hypocreavirens)[S12.UPW]#S12#{peptidaseunit:16-360}~sourceG9MF94~	1.6e-171	85.8	346
PNP42999.1	MER0212956-familyS33unassignedpeptidases(Aspergillusterreus)[S33.UPW]#S33#{peptidaseunit:10-293}~sourceXP_001208425~	2.1e-19	43	142
PNP43006.1	MER0214517-familyS9non-peptidasehomologues(Podosporaanserina)[S09.UNW]#S09X#{peptidaseunit:34-221}~sourceXP_001906399~	1.3e-28	53.5	114
PNP43210.1	MER1027628-familyS12unassignedpeptidases(Hypocreavirens)[S12.UPW]#S12#{peptidaseunit:97-339}~sourceG9N0V1~	2.4e-108	87.3	213
PNP43213.1	MER0161332-familyC56non-peptidasehomologues(Talaromycesstipitatus)[C56.UNW]#C56#{peptidaseunit:112-218}~sourceEED15519~	1e-43	72	107
PNP43215.1	MER0059881-familyS33non-peptidasehomologues(Sinorhizobiummedicae)[S33.UNW]#S33#{peptidaseunit:117-429}~sourceYP_001314213~	7.1e-82	45.2	310
PNP43237.1	MER0224763-familyS8non-peptidasehomologues(Aspergillusniger)[S08.UNW]#S08X#{peptidaseunit:19-428}~sourceXP_001400765~	1.8e-80	41.8	457
PNP43241.1	MER0064128-familyS33non-peptidasehomologues(Gibberellazeae)[S33.UNW]#S33#{peptidaseunit:27-298}~sourceXP_386641~	4e-116	72.8	272
PNP43487.1	MER0064233-familyS33non-peptidasehomologues(Gibberellazeae)[S33.UNW]#S33#{peptidaseunit:30-290}~sourceXP_384796~	4e-63	46.7	255
PNP44176.1	MER0210961-familyS33unassignedpeptidases(Nectriahaematococca)[S33.UPW]#S33#{peptidaseunit:202-537}~sourceEEU44109~	3.1e-136	70.6	333
PNP44190.1	MER0213252-familyS9non-peptidasehomologues(Verticilliumalbo)[S09.UNW]#S09X#{peptidaseunit:201-430}~sourceEEY19683~	4.4e-92	70.4	230
PNP44403.1	MER0118505-polyporopepsin(Trichodermaharzianum)[A01.019]#A01A#{peptidaseunit:67-384}~sourceCAI91181~	1.4e-170	98.4	318
PNP44414.1	MER0200414-familyS33unassignedpeptidases(Coccidioidesposadasii)[S33.UPW]#S33#{peptidaseunit:153-427}~sourceEER28343~	4.2e-39	64.3	112
PNP44433.1	MER0244887-familyS33unassignedpeptidases(Burkholderiagladioli)[S33.UPW]#S33#{peptidaseunit:8-275}~sourceYP_004350627~	1.2e-39	35.6	281
PNP44436.1	MER1020791-familyS33unassignedpeptidases(Penicilliumsolitum)[S33.UPW]#S33#{peptidaseunit:9-292}~sourceA0A0D9MEG1~	1.2e-57	43.3	275
PNP44437.1	MER0035648-Prb1peptidase(Trichodermahamatum)[S08.066]#S08A#{peptidaseunit:105-409}~sourceQ86ZV3~	1.6e-153	93.8	305
PNP45207.1	MER0306657-familyC48unassignedpeptidases(Hypocreavirens)[C48.UPW]#C48#{peptidaseunit:261-421}~sourceEHK18673~	3.4e-87	93.2	161
PNP45227.1	MER0211078-familyS15non-peptidasehomologues(Phaeosphaerianodorum)[S15.UNW]#S15#{peptidaseunit:57-523}~sourceXP_001805356~	2.5e-40	45.8	192
PNP45362.1	MER1026599-familyS15non-peptidasehomologues(Hypocreavirens)[S15.UNW]#S15#{peptidaseunit:30-513}~sourceG9MTG0~	1.8e-253	85.1	483
PNP45386.1	MER0064130-familyS9unassignedpeptidases(Gibberellazeae)[S09.UPW]#S09X#{peptidaseunit:102-499}~sourceXP_386613~	2.8e-94	44.1	410
PNP45401.1	MER0970307-subfamilyS8Aunassignedpeptidases(Trichodermaatroviride)[S08.UPA]#S08A#{peptidaseunit:121-313,473-579}~sourceG9NFX9~	8.6e-25	74.2	93
PNP45404.1	MER0373704-familyM20Dunassignedpeptidases(Hypocreavirens)[M20.UPD]#M20D#{peptidaseunit:32-405}~sourceEHK17843~	4.4e-180	83.9	384
PNP45406.1	MER0214364-familyS33non-peptidasehomologues(Bacilluscereus)[S33.UNW]#S33#{peptidaseunit:13-248}~sourceZP_04298176~	2.3e-09	35.1	114
PNP45734.1	MER1051527-familyS51unassignedpeptidases(Trichodermareesei)[S51.UPW]#S51#{peptidaseunit:35-245}~sourceG0R938~	1.4e-114	98.1	211
PNP45735.1	MER1005573-familyS12unassignedpeptidases(Pseudogymnoascuspannorum)[S12.UPW]#S12#{peptidaseunit:113-452}~sourceA0A094ASP1~	2.2e-60	64.6	175
PNP45756.1	MER0210198-familyS33unassignedpeptidases(Penicilliumchrysogenum)[S33.UPW]#S33#{peptidaseunit:10-267}~sourceXP_002562303~	6.3e-125	83.3	258
PNP45896.1	MER0161332-familyC56non-peptidasehomologues(Talaromycesstipitatus)[C56.UNW]#C56#{peptidaseunit:112-218}~sourceEED15519~	4.6e-39	66.4	107
PNP45939.1	MER0209896-subfamilyS9Cunassignedpeptidases(Chaetomiumglobosum)[S09.UPC]#S09C#{peptidaseunit:93-344}~sourceXP_001226361~	3.6e-64	49.4	247
PNP45975.1	MER0278187-familyM41non-peptidasehomologues(Glossinamorsitans)[M41.UNW]#M41#{peptidaseunit:240-464}~sourceTMP013082-PA~	9.2e-17	39.8	133
PNP45976.1	MER0065341-familyS54unassignedpeptidases(Gibberellazeae)[S54.UPW]#S54#{peptidaseunit:26-266}~sourceXP_388130~	7.6e-56	61.7	183
PNP45985.1	MER0431507-ubp8({Schizosaccharomycespombe}-type)(Fusariumoxysporum)[C19.A61]#C19#{peptidaseunit:98-513}~sourceEGU85371~	1.5e-212	82.3	417
PNP46004.1	MER0624846-familyS33unassignedpeptidases(Gibberellazeae)[S33.UPW]#S33#{peptidaseunit:50-295}~sourceXP_385748~	1.5e-76	57.9	240
PNP46011.1	MER0034105-familyS33unassignedpeptidases(Leptospirainterrogans)[S33.UPW]#S33#{peptidaseunit:1-266}~sourceQ8F036~	3.1e-18	27.5	255
PNP46414.1	MER0697240-familyC15unassignedpeptidases(Hypocreavirens)[C15.UPW]#C15#{peptidaseunit:9-206}~sourceG9MYL3~	1.2e-100	88.4	198
PNP46431.1	MER0983702-subfamilyS8Aunassignedpeptidases(Trichodermaatroviride)[S08.UPA]#S08A#{peptidaseunit:363-584}~sourceG9NKQ0~	1.2e-108	88.7	221
PNP46435.1	MER0241307-familyS9non-peptidasehomologues(Coleofasciculuschthonoplastes)[S09.UNW]#S09X#{peptidaseunit:1288-1494}~sourceZP_05023753~	5.9e-12	27.6	243
PNP46464.1	MER0032150-familyS33unassignedpeptidases(Emericellanidulans)[S33.UPW]#S33#{peptidaseunit:126-574}~sourceAN4057_1~	4.2e-108	46	480
PNP46485.1	MER0174079-familyM38non-peptidasehomologues(Rhodococcusopacus)[M38.UNW]#M38#{peptidaseunit:135-513}~sourceBAH53915~	1.1e-80	44.5	382
PNP46596.1	MER0968942-subfamilyS8Aunassignedpeptidases(Trichodermareesei)[S08.UPA]#S08A#{peptidaseunit:636-874}~sourceA0A024RX54~	2.9e-113	84.8	237
PNP47005.1	MER0114101-familyS9unassignedpeptidases(Sorangiumcellulosum)[S09.UPW]#S09X#{peptidaseunit:151-348}~sourceCAN90314~	2.2e-05	30	150
PNP47008.1	MER0080738-subfamilyS8Aunassignedpeptidases(Trichodermaharzianum)[S08.UPA]#S08A#{peptidaseunit:146-537}~sourceABI84117~	5.2e-216	97.4	392
PNP47024.1	MER0212828-familyS33unassignedpeptidases(Nectriahaematococca)[S33.UPW]#S33#{peptidaseunit:47-510}~sourceEEU45721~	5.2e-216	75.8	479
PNP47045.1	MER0273140-familyM6unassignedpeptidases(Streptomycesviolaceusniger)[M06.UPW]#M06#{peptidaseunit:145-520}~sourceYP_004813914~	5.5e-138	61.9	381
PNP47049.1	MER0060265-familyS33non-peptidasehomologues(Gibberellazeae)[S33.UNW]#S33#{peptidaseunit:70-393}~sourceXP_381913~	2.6e-111	56.4	326
PNP47052.1	MER0125990-cuticle-degradingpeptidaseofparasiticfungus(Hypocreapseudokoningii)[S08.056]#S08A#{peptidaseunit:108-391}~sourceABN04079~	5.2e-141	88.4	284
PNP47061.1	MER0326224-dipeptidylaminopeptidaseB(fungus)(Trichodermareesei)[S09.006]#S09B#{peptidaseunit:637-894}~sourceEGR46146~	4.7e-137	90.3	258
PNP47077.1	MER1365177-subfamilyT1Aunassignedpeptidases(Ophiocordycepsaustralis)[T01.UPA]#T01A#{peptidaseunit:31-228}~sourcePHH63364~	1.5e-99	94.6	184
PNP47085.1	MER0064168-familyM67non-peptidasehomologues(Gibberellazeae)[M67.UNW]#M67X#{peptidaseunit:12-284}~sourceXP_385790~	5.9e-107	69.6	273
PNP47097.1	MER0135263-familyS9non-peptidasehomologues(Batrachochytriumdendrobatidis)[S09.UNW]#S09X#{peptidaseunit:136-356}~sourceBDEG_01429~	5.3e-16	27.8	223
PNP47184.1	MER0624846-familyS33unassignedpeptidases(Gibberellazeae)[S33.UPW]#S33#{peptidaseunit:50-295}~sourceXP_385748~	4.7e-86	63.1	244
PNP47747.1	MER0065371-familyS9non-peptidasehomologues(Gibberellazeae)[S09.UNW]#S09X#{peptidaseunit:122-370}~sourceXP_387975~	6.6e-67	48.6	249
PNP47751.1	MER0496069-subfamilyA1Aunassignedpeptidases(Hypocreavirens)[A01.UPA]#A01A#{peptidaseunit:45-411}~sourceEHK23008~	8.9e-196	91.2	354
PNP47769.1	MER0383828-subfamilyA1Aunassignedpeptidases(Arthrodermagypseum)[A01.UPA]#A01A#{peptidaseunit:64-409}~sourceXP_003171880~	7.1e-24	29.5	312
PNP47981.1	MER1138037-subfamilyA1Aunassignedpeptidases(Trichodermaharzianum)[A01.UPA]#A01A#{peptidaseunit:122-427}~sourcePNP47981~	8e-174	100	306
PNP47987.1	MER0060272-familyS33unassignedpeptidases(Gibberellazeae)[S33.UPW]#S33#{peptidaseunit:1-279}~sourceXP_381835~	8.3e-47	50	194
PNP48006.1	MER1091714-familyT1unassignedpeptidases(Stachybotryschartarum)[T01.UPW]#T01X#{peptidaseunit:28-256}~sourceA0A084B591~	1e-113	90.8	229
PNP48181.1	MER1303909-subfamilyS9Cunassignedpeptidases(Trichodermaguizhouense)[S09.UPC]#S09C#{peptidaseunit:397-644}~sourceOPB40788~	1.5e-63	97.5	119
PNP48197.1	MER0327853-familyM80unassignedpeptidases(Hypocreavirens)[M80.UPW]#M80#{peptidaseunit:16-148}~sourceEHK21538~	1.6e-54	98	101
PNP48224.1	MER0064864-familyS9non-peptidasehomologues(Gibberellazeae)[S09.UNW]#S09X#{peptidaseunit:104-425}~sourceXP_389440~	7.8e-118	60.1	328
PNP48227.1	MER0129460-familyS9non-peptidasehomologues(Pedobacterheparinus)[S09.UNW]#S09X#{peptidaseunit:7-193}~sourceGEBA2500404676~	7e-06	23	139
PNP48692.1	MER0480584-YFR006Wg.p.({Saccharomycescerevisiae})(Trichodermaatroviride)[M24.A09]#M24B#{peptidaseunit:185-490}~sourceEHK48585~	1.6e-145	81.3	310
PNP48835.1	MER0496068-subfamilyA1Aunassignedpeptidases(Hypocreavirens)[A01.UPA]#A01A#{peptidaseunit:39-375}~sourceEHK18255~	3e-187	93.2	337
PNP48996.1	MER0157466-familyS9non-peptidasehomologues(Dipodomysordii)[S09.UNW]#S09X#{peptidaseunit:100-272}~sourceENSDORP00000013580~	4.2e-07	24.6	122
PNP49003.1	MER1024137-familyS15non-peptidasehomologues(Cladophialophoracarrionii)[S15.UNW]#S15#{peptidaseunit:183-376,464-673}~sourceV9D6Y3~	7.1e-136	52.7	495
PNP49009.1	MER0145977-familyS9non-peptidasehomologues(Cionasavignyi)[S09.UNW]#S09X#{peptidaseunit:260-473}~sourceENSCSAVP00000015613~	1.6e-66	57.8	218
PNP49047.1	MER0363315-i-AAApeptidase(Metarhiziumanisopliae)[M41.004]#M41#{peptidaseunit:413-664}~sourceEFZ02190~	1.1e-121	87.6	251
PNP49071.1	MER0145925-familyS9non-peptidasehomologues(Cionasavignyi)[S09.UNW]#S09X#{peptidaseunit:177-352}~sourceENSCSAVP00000011183~	2.7e-40	46.9	179
PNP49087.1	MER0624710-familyC44unassignedpeptidases(Gibberellazeae)[C44.UPW]#C44#{peptidaseunit:54-439}~sourceXP_381609~	5.4e-224	94.8	386
PNP49122.1	MER0033390-familyS9unassignedpeptidases(Neurosporacrassa)[S09.UPW]#S09X#{peptidaseunit:353-729}~sourceQ872U5~	1.3e-84	46.7	379
PNP49152.1	MER0156515-familyS9unassignedpeptidases(Dipodomysordii)[S09.UPW]#S09X#{peptidaseunit:88-249}~sourceENSDORP00000014424~	5.1e-32	44.4	169
PNP49157.1	MER0798079-familyI87unassignedpeptidaseinhibitors(Nectriahaematococca)[I87.UPW]#I87#{inhibitorunit:33-271}~sourceC7YKK8~	3.4e-93	81.6	239
PNP49193.1	MER0481478-SPBC4F6.19cg.p.({Schizosaccharomycespombe})(Trichodermaatroviride)[M24.A11]#M24B#{peptidaseunit:184-426}~sourceEHK48636~	1.3e-122	87.7	243
PNP49209.1	MER0383713-subfamilyA1Aunassignedpeptidases(Hypocreavirens)[A01.UPA]#A01A#{peptidaseunit:21-337}~sourceEHK20578~	1.1e-164	91.8	317
PNP49230.1	MER1073240-subfamilyS49Cnon-peptidasehomologues(Acinetobacterbohemicus)[S49.UNC]#S49C#{peptidaseunit:84-212}~sourceN8Q6E4~	2.5e-12	41.8	110
PNP49258.1	MER0412697-familyM41non-peptidasehomologues(Solanumtuberosum)[M41.UNW]#M41#{peptidaseunit:385-549}~sourcePGSC0003DMP400021722~	1.7e-17	39.7	116
PNP49267.1	MER0697941-familyC15unassignedpeptidases(Hypocreavirens)[C15.UPW]#C15#{peptidaseunit:10-232}~sourceG9NDC4~	8.5e-121	91.9	223
PNP49318.1	MER0512373-subfamilyM24Bunassignedpeptidases(Saimiriboliviensis)[M24.UPB]#M24B#{peptidaseunit:242-696}~sourceXP_003933024~	1.1e-14	57.1	70
PNP49319.1	MER0113012-dipeptidyl-peptidaseIII({Saccharomyces}-type)(Gibberellazeae)[M49.004]#M49#{peptidaseunit:413-663}~sourceXP_381193~	9.9e-127	87.3	251
PNP49327.1	MER0295850-familyC26non-peptidasehomologues(Nematostellavectensis)[C26.UNW]#C26#{peptidaseunit:61-329}~sourceXP_001621066~	1.5e-11	44.2	77
PNP49372.1	MER0624771-familyS33non-peptidasehomologues(Gibberellazeae)[S33.UNW]#S33#{peptidaseunit:17-291}~sourceXP_383349~	1.2e-84	54.5	277
PNP49435.1	MER0102730-YME1L1g.p.({Homosapiens})andsimilar(Dasypusnovemcinctus)[M41.026]#M41#{peptidaseunit:1-655}~sourceENSDNOP00000009692~	6.4e-05	36.4	88
PNP49457.1	MER0293630-familyC19unassignedpeptidases(Hypocreavirens)[C19.UPW]#C19#{peptidaseunit:85-544}~sourceEHK22619~	2.1e-223	90.4	469
PNP49465.1	MER0882052-metallopeptidaseMEP1({Metarhizium}-type)(Trichodermaatroviride)[M43.002]#M43B#{peptidaseunit:111-256}~sourceG9P397~	2e-54	75.4	122
PNP49487.1	MER0209954-familyS9non-peptidasehomologues(Pyrenophoratritici)[S09.UNW]#S09X#{peptidaseunit:94-329}~sourceXP_001936459~	1.2e-22	32.1	218
PNP49490.1	MER0080922-SA76peptidase({Trichodermasp.})(Trichodermaharzianum)[A01.082]#A01A#{peptidaseunit:59-406}~sourceABK64120~	2e-191	94.5	348
PNP49500.1	MER0489146-subfamilyS9Cnon-peptidasehomologues(Trichodermaatroviride)[S09.UNC]#S09C#{peptidaseunit:429-671}~sourceEHK42892~	8.2e-113	74.7	245
PNP49576.1	MER1024137-familyS15non-peptidasehomologues(Cladophialophoracarrionii)[S15.UNW]#S15#{peptidaseunit:183-376,464-673}~sourceV9D6Y3~	2e-44	65.2	132
PNP49624.1	MER0986367-subfamilyS8Anon-peptidasehomologues(Hypocreavirens)[S08.UNA]#S08A#{peptidaseunit:236-456}~sourceG9MHR2~	7.2e-118	98.6	222
PNP49663.1	MER0511172-familyS33non-peptidasehomologues(Macrophominaphaseolina)[S33.UNW]#S33#{peptidaseunit:54-356}~sourceEKG18007~	6.3e-87	48.4	306
PNP49677.1	MER0060232-familyM38non-peptidasehomologues(Gibberellazeae)[M38.UNW]#M38#{peptidaseunit:136-504}~sourceXP_382660~	1.6e-164	77.2	369
PNP49693.1	MER0157804-familyS9non-peptidasehomologues(Dipodomysordii)[S09.UNW]#S09X#{peptidaseunit:30-204}~sourceENSDORP00000006967~	4.7e-08	31.3	134
PNP49705.1	MER0715789-familyC19unassignedpeptidases(Hypocreavirens)[C19.UPW]#C19#{peptidaseunit:1602-1833,1757-1934}~sourceG9N365~	9.1e-165	73.2	410
PNP49717.1	MER0057464-familyS9non-peptidasehomologues(Thermobisporabispora)[S09.UNW]#S09X#{peptidaseunit:1135-1317}~sourceGEBA2500199435~	8e-25	32.4	179
PNP49734.1	MER0133461-familyM50non-peptidasehomologues(Sebaldellatermitidis)[M50.UNW]#M50#{peptidaseunit:89-186}~sourceACZ09042~	1.6e-08	37.3	102
PNP49748.1	MER0435630-TRP3protein(Trichodermaatroviride)[C26.959]#C26#{peptidaseunit:25-274}~sourceEHK45707~	6.6e-132	91.2	250
PNP49760.1	MER0258487-familyM41non-peptidasehomologues(Loxodontaafricana)[M41.UNW]#M41#{peptidaseunit:32-229}~sourceGENSCAN00000037143~	3.2e-23	43.8	137
PNP49802.1	MER0064172-familyC50unassignedpeptidases(Gibberellazeae)[C50.UPW]#C50#{peptidaseunit:1399-2066}~sourceEAA74634~	7.5e-247	64.9	670
PNP49811.1	MER0107351-subfamilyA1Aunassignedpeptidases(Trichodermaharzianum)[A01.UPA]#A01A#{peptidaseunit:43-409}~sourceCAL30188~	1.8e-189	89.9	367
PNP49823.1	MER0624751-familyS33unassignedpeptidases(Gibberellazeae)[S33.UPW]#S33#{peptidaseunit:60-522}~sourceXP_383113~	1.9e-150	53.5	467
PNP49834.1	MER0209306-familyS33non-peptidasehomologues(Talaromycesstipitatus)[S33.UNW]#S33#{peptidaseunit:20-280}~sourceXP_002486337~	1.5e-97	64.7	258
PNP49855.1	MER0114300-familyS9non-peptidasehomologues(Sorangiumcellulosum)[S09.UNW]#S09X#{peptidaseunit:155-374}~sourceCAN94769~	1e-14	30.6	183
PNP49866.1	MER0330712-familyC65unassignedpeptidases(Hypocreavirens)[C65.UPW]#C65#{peptidaseunit:1-246}~sourceEHK17338~	5e-138	98	246
PNP49900.1	MER0163432-orthocaspaseMaOC1({Microcystisaeruginosa})(Microcystisaeruginosa)[C14.050]#C14B#{peptidaseunit:31-185}~sourceCAO88281~	1.3e-20	38	150
PNP49929.1	MER0032426-subfamilyM24Bunassignedpeptidases(Aspergillusoryzae)[M24.UPB]#M24B#{peptidaseunit:181-535}~sourceAO070325000146~	1.6e-147	68.1	360
PNP49934.1	MER0126064-familyS54non-peptidasehomologues(Magnaporthegrisea)[S54.UNW]#S54#{peptidaseunit:60-188}~sourceEDK00628~	3.3e-61	87.7	130
PNP49939.1	MER0296433-Rim13peptidase(Trichodermareesei)[C02.008]#C02A#{peptidaseunit:119-350}~sourceEGR44348~	2.4e-127	89.7	232
PNP49960.1	MER0360928-familyC15unassignedpeptidases(Marssoninabrunnea)[C15.UPW]#C15#{peptidaseunit:14-229}~sourceEKD20593~	2.9e-20	29.7	232
PNP49962.1	MER1005384-familyS12unassignedpeptidases(Eutypalata)[S12.UPW]#S12#{peptidaseunit:2-293}~sourceM7SLL0~	3e-123	72.6	292
PNP49988.1	MER0213568-familyS33non-peptidasehomologues(Nectriahaematococca)[S33.UNW]#S33#{peptidaseunit:22-284}~sourceEEU33458~	3.9e-69	46.3	268
PNP49993.1	MER1073712-aorsin(Hypocreavirens)[S53.007]#S53#{peptidaseunit:186-618}~sourceG9MX31~	2.6e-230	87.1	433
PNP49998.1	MER0213217-familyS33unassignedpeptidases(Chaetomiumglobosum)[S33.UPW]#S33#{peptidaseunit:107-374}~sourceXP_001226344~	1.4e-51	40	270
PNP50015.1	MER0065244-familyS9non-peptidasehomologues(Gibberellazeae)[S09.UNW]#S09X#{peptidaseunit:123-428}~sourceXP_389275~	1.4e-55	54.1	196
PNP50020.1	MER0354064-familyS12unassignedpeptidases(Hypocreavirens)[S12.UPW]#S12#{peptidaseunit:77-306}~sourceEHK16215~	4.4e-101	74.8	230
PNP50038.1	MER0278187-familyM41non-peptidasehomologues(Glossinamorsitans)[M41.UNW]#M41#{peptidaseunit:240-464}~sourceTMP013082-PA~	2.5e-14	37.9	132
PNP50082.1	MER0382075-carboxypeptidaseMeCPA(Hypocreavirens)[M14.014]#M14A#{peptidaseunit:123-437}~sourceEHK21626~	9e-190	94.9	315
PNP50131.1	MER0999804-subfamilyS9Bunassignedpeptidases(Trichodermareesei)[S09.UPB]#S09B#{peptidaseunit:433-681}~sourceA0A024SFP5~	2e-151	96.8	249
PNP50152.1	MER0511172-familyS33non-peptidasehomologues(Macrophominaphaseolina)[S33.UNW]#S33#{peptidaseunit:54-356}~sourceEKG18007~	6.8e-70	42.8	304
PNP50153.1	MER0060221-subfamilyM67Aunassignedpeptidases(Gibberellazeae)[M67.UPA]#M67A#{peptidaseunit:19-328}~sourceXP_382760~	3.9e-140	77.6	312
PNP50182.1	MER0391578-subfamilyM16Bnon-peptidasehomologues(Hypocreavirens)[M16.UNB]#M16B#{peptidaseunit:60-257}~sourceEHK17631~	8.8e-105	98	198
PNP50184.1	MER0972464-subfamilyS8Anon-peptidasehomologues(Trichodermaatroviride)[S08.UNA]#S08A#{peptidaseunit:523-771}~sourceG9NEB3~	4e-13	36.6	142
PNP50187.1	MER0987632-subfamilyS8Anon-peptidasehomologues(Pestalotiopsisfici)[S08.UNA]#S08A#{peptidaseunit:691-929}~sourceW3WYT9~	1.7e-39	43.9	239
PNP50193.1	MER0987949-subfamilyM28Eunassignedpeptidases(Verticilliumlongisporum)[M28.UPE]#M28E#{peptidaseunit:106-305}~sourceCRK09937~	6.2e-05	71	31
PNP50243.1	MER0136116-familyS9non-peptidasehomologues(Batrachochytriumdendrobatidis)[S09.UNW]#S09X#{peptidaseunit:521-715}~sourceBDEG_08400~	1.4e-11	29.6	199
PNP50259.1	MER0214202-subfamilyS9Cunassignedpeptidases(Talaromycesstipitatus)[S09.UPC]#S09C#{peptidaseunit:8-329}~sourceXP_002481289~	2.6e-34	31.2	327
PNP50262.1	MER0032555-livercarboxylesterase(Aspergillusfumigatus)[S09.982]#S09X#{peptidaseunit:96-469}~sourceXP_753283~	3.4e-139	63.6	376
PNP50292.1	MER0209890-highlysimilartoacyl-proteinthioesterase1({Homosapiens})(Pyrenophoratritici)[S09.941]#S09X#{peptidaseunit:98-209}~sourceXP_001936510~	8.5e-30	53.6	112
PNP50304.1	MER0733784-familyC56non-peptidasehomologues(Hypocreavirens)[C56.UNW]#C56#{peptidaseunit:44-177}~sourceG9MW99~	7.5e-66	89.6	134
PNP50306.1	MER1189507-familyM19unassignedpeptidases(Trichodermaharzianum)[M19.UPW]#M19#{peptidaseunit:22-324}~sourcePKK53444~	3.2e-53	97.2	106
PNP50334.1	MER0383832-subfamilyA1Aunassignedpeptidases(Hypocreavirens)[A01.UPA]#A01A#{peptidaseunit:96-397}~sourceEHK21938~	7.4e-159	89.7	302
PNP50373.1	MER0214426-familyS33unassignedpeptidases(Arthrodermaotae)[S33.UPW]#S33#{peptidaseunit:108-367}~sourceEEQ27828~	9.2e-101	65.9	267
PNP50380.1	MER0017161-familyS33non-peptidasehomologues(Pseudomonaspavonaceae)[S33.UNW]#S33#{peptidaseunit:32-291}~sourceCAB65362~	5.4e-77	55.2	259
PNP50399.1	MER0970182-subfamilyS8Aunassignedpeptidases(Fusariumoxysporum)[S08.UPA]#S08A#{peptidaseunit:331-580}~sourceF9F2D2~	1.1e-68	64.2	212
PNP50409.1	MER0874598-familyM38non-peptidasehomologues(Trichodermaatroviride)[M38.UNW]#M38#{peptidaseunit:214-391}~sourceG9NGF6~	7.1e-76	76.3	177
PNP50428.1	MER0746499-familyC97unassignedpeptidases(Chondruscrispus)[C97.UPW]#C97#{peptidaseunit:45-161}~sourceR7QIQ8~	8.4e-05	38.7	75
PNP50442.1	MER0257485-OTU2peptidase({Saccharomycescerevisiae}-type)(Hypocreavirens)[C85.008]#C85A#{peptidaseunit:171-295}~sourceEHK25476~	1.6e-63	92.2	128
PNP50451.1	MER1286490-subfamilyS8Bunassignedpeptidases(Trichodermaharzianum)[S08.UPB]#S08B#{peptidaseunit:192-487}~sourceKKP04072~	2.1e-171	99.3	296
PNP50517.1	MER0970373-subfamilyS8Anon-peptidasehomologues(Trichodermaatroviride)[S08.UNA]#S08A#{peptidaseunit:713-953}~sourceG9P1G7~	6.6e-111	82.9	240
PNP50554.1	MER0194865-subfamilyM28Eunassignedpeptidases(Hypocreavirens)[M28.UPE]#M28E#{peptidaseunit:158-358}~sourceEHK20530~	8.9e-91	95.4	174
PNP50555.1	MER0033126-familyM38non-peptidasehomologues(Magnaporthegrisea)[M38.UNW]#M38#{peptidaseunit:44-397}~sourceMG02243_4~	1.7e-120	60.9	358
PNP50562.1	MER0421624-familyS12unassignedpeptidases(Nectriahaematococca)[S12.UPW]#S12#{peptidaseunit:38-408}~sourceXP_003043892~	3.6e-114	74.1	259
PNP50574.1	MER0087613-methionylaminopeptidase2(Neosartoryafischeri)[M24.002]#M24A#{peptidaseunit:117-445}~sourceEAW19774~	2.1e-162	84.2	329
PNP50580.1	MER0032561-familyS9unassignedpeptidases(Aspergillusoryzae)[S09.UPW]#S09X#{peptidaseunit:96-454}~sourceAO070240000026~	1.2e-77	45.5	358
PNP50594.1	MER0114579-familyS33unassignedpeptidases(Emericellanidulans)[S33.UPW]#S33#{peptidaseunit:109-367}~sourceEAA62579~	6.7e-40	45.6	206
PNP50603.1	MER1073240-subfamilyS49Cnon-peptidasehomologues(Acinetobacterbohemicus)[S49.UNC]#S49C#{peptidaseunit:84-212}~sourceN8Q6E4~	1e-15	40.7	123
PNP50623.1	MER0297012-kexcarboxypeptidase(Hypocreavirens)[S10.007]#S10#{peptidaseunit:52-468}~sourceEHK27147~	1.1e-246	94	417
PNP50633.1	MER0210698-familyS9non-peptidasehomologues(Nectriahaematococca)[S09.UNW]#S09X#{peptidaseunit:63-276}~sourceEEU45525~	2e-82	71.2	215
PNP50677.1	MER0209372-familyS33unassignedpeptidases(Botryotiniafuckeliana)[S33.UPW]#S33#{peptidaseunit:266-608}~sourceXP_001546622~	2.7e-121	65.9	352
PNP50688.1	MER0970662-subfamilyS8Aunassignedpeptidases(Hypocreavirens)[S08.UPA]#S08A#{peptidaseunit:148-393}~sourceG9MFA6~	2.9e-102	74.4	246
PNP50703.1	MER0064128-familyS33non-peptidasehomologues(Gibberellazeae)[S33.UNW]#S33#{peptidaseunit:27-298}~sourceXP_386641~	8.4e-65	44.6	271
PNP50706.1	MER0209012-familyS9non-peptidasehomologues(Corynebacteriumaccolens)[S09.UNW]#S09X#{peptidaseunit:1-171}~sourceZP_03933731~	2.9e-14	35.4	147
PNP50707.1	MER0204230-subfamilyM28Eunassignedpeptidases(Trichodermareesei)[M28.UPE]#M28E#{peptidaseunit:166-427}~sourceEGR48255~	4.2e-136	90.5	262
PNP50727.1	MER0157602-familyS9non-peptidasehomologues(Dipodomysordii)[S09.UNW]#S09X#{peptidaseunit:137-279}~sourceENSDORP00000000060~	2.6e-06	50	50
PNP50729.1	MER0263582-familyM13non-peptidasehomologues(Pteropusvampyrus)[M13.UNW]#M13#{peptidaseunit:922-1085}~sourceGENSCAN00000029842~	9.5e-06	35.4	99
PNP50796.1	MER1084060-familyS54non-peptidasehomologues(Tubermelanosporum)[S54.UNW]#S54#{peptidaseunit:70-203}~sourceD5G741~	6.9e-28	48.8	123
PNP50799.1	MER0032938-subfamilyM12Bunassignedpeptidases(Magnaporthegrisea)[M12.UPB]#M12B#{peptidaseunit:322-583}~sourceMG03200_4~	2.9e-79	57.6	264
PNP50854.1	MER0146194-familyS9non-peptidasehomologues(Cionasavignyi)[S09.UNW]#S09X#{peptidaseunit:89-291}~sourceENSCSAVP00000016518~	3.2e-35	36.2	207
PNP50865.1	MER1080184-familyS54non-peptidasehomologues(Bionectriaochroleuca)[S54.UNW]#S54#{peptidaseunit:25-194}~sourceA0A0B7K3H1~	1.4e-68	71.8	170
PNP50893.1	MER1076567-familyS54unassignedpeptidases(Hypocreavirens)[S54.UPW]#S54#{peptidaseunit:346-528}~sourceG9MMG2~	1.1e-99	98.9	183
PNP50902.1	MER0214327-familyS33non-peptidasehomologues(Aspergillusoryzae)[S33.UNW]#S33#{peptidaseunit:4-237}~sourceXP_001827111~	1.4e-48	51.1	190
PNP50930.1	MER0064108-familyS33non-peptidasehomologues(Gibberellazeae)[S33.UNW]#S33#{peptidaseunit:20-324}~sourceXP_386920~	7.5e-107	55.9	306
PNP50964.1	MER0032487-familyM38unassignedpeptidases(Aspergillusoryzae)[M38.UPW]#M38#{peptidaseunit:108-398}~sourceAO070343000126~	2.9e-71	50	294
PNP50968.1	MER0060939-familyS33unassignedpeptidases(Bradyrhizobiumsp.ORS278)[S33.UPW]#S33#{peptidaseunit:9-255}~sourceYP_001206805~	1.9e-07	32	147
PNP50984.1	MER0099136-trypsin(fungal)(Trichodermaharzianum)[S01.103]#S01A#{peptidaseunit:29-253}~sourceCAL25577~	5.1e-121	99.6	225
PNP50991.1	MER0625808-familyS9unassignedpeptidases(Thielaviaterrestris)[S09.UPW]#S09X#{peptidaseunit:97-505}~sourceXP_003654871~	6.6e-129	61.3	375
PNP51005.1	MER0032561-familyS9unassignedpeptidases(Aspergillusoryzae)[S09.UPW]#S09X#{peptidaseunit:96-454}~sourceAO070240000026~	1.1e-70	41	354
PNP51049.1	MER0967818-subfamilyS8Aunassignedpeptidases(Pseudogymnoascuspannorum)[S08.UPA]#S08A#{peptidaseunit:479-703}~sourceA0A094HZC3~	2.8e-28	40.8	228
PNP51053.1	MER0711589-familyC19unassignedpeptidases(Hypocreavirens)[C19.UPW]#C19#{peptidaseunit:264-779}~sourceG9MQQ2~	9.3e-291	96.1	516
PNP51059.1	MER1186004-subfamilyM3Aunassignedpeptidases(Trichodermaharzianum)[M03.UPA]#M03A#{peptidaseunit:23-698}~sourcePKK42281~	8.6e-56	85.6	118
PNP51064.1	MER0972464-subfamilyS8Anon-peptidasehomologues(Trichodermaatroviride)[S08.UNA]#S08A#{peptidaseunit:523-771}~sourceG9NEB3~	9.8e-107	77.7	251
PNP51075.1	MER0295850-familyC26non-peptidasehomologues(Nematostellavectensis)[C26.UNW]#C26#{peptidaseunit:61-329}~sourceXP_001621066~	5e-05	41.3	63
PNP51084.1	MER0213330-familyS33unassignedpeptidases(Magnaportheoryzae)[S33.UPW]#S33#{peptidaseunit:9-347}~sourceXP_367716~	3.9e-140	71.3	341
PNP51090.1	MER0840616-subfamilyM20Dnon-peptidasehomologues(Hypocreavirens)[M20.UND]#M20D#{peptidaseunit:58-395}~sourceG9MQM1~	3.3e-192	95.9	338
PNP51109.1	MER0624892-familyS9non-peptidasehomologues(Gibberellazeae)[S09.UNW]#S09X#{peptidaseunit:82-320}~sourceXP_383914~	1.6e-93	66	235
PNP51120.1	MER0446788-familyC26unassignedpeptidases(Fusariumoxysporum)[C26.UPW]#C26#{peptidaseunit:3-246}~sourceEGU76060~	1.4e-70	54.5	244
PNP51198.1	MER0235798-subfamilyS9Bunassignedpeptidases(Isosphaerapallida)[S09.UPB]#S09B#{peptidaseunit:347-772}~sourceYP_004179752~	2e-141	54.7	426
PNP51202.1	MER0032070-familyS9unassignedpeptidases(Emericellanidulans)[S09.UPW]#S09X#{peptidaseunit:2141-2459}~sourceEAA67005~	1.4e-43	35.9	320
PNP51214.1	MER0730166-familyC56non-peptidasehomologues(Hypocreavirens)[C56.UNW]#C56#{peptidaseunit:73-146}~sourceG9MV34~	2.5e-23	91.5	59
PNP51224.1	MER0032566-familyS9unassignedpeptidases(Aspergillusoryzae)[S09.UPW]#S09X#{peptidaseunit:114-499}~sourceAO070293000034~	1.5e-101	50	380
PNP51227.1	MER0065371-familyS9non-peptidasehomologues(Gibberellazeae)[S09.UNW]#S09X#{peptidaseunit:122-370}~sourceXP_387975~	2.5e-59	46.4	250
PNP51230.1	MER0025111-trypsin(fungal)(Trichodermaharzianum)[S01.103]#S01A#{peptidaseunit:30-258}~sourceQ8WZM5_TRIHA~	7.2e-123	93.9	229
PNP51234.1	MER0511361-familyS9non-peptidasehomologues(Macrophominaphaseolina)[S09.UNW]#S09X#{peptidaseunit:110-467}~sourceEKG12270~	3.9e-62	39.8	347
PNP51245.1	MER0215489-familyS33non-peptidasehomologues(Neosartoryafischeri)[S33.UNW]#S33#{peptidaseunit:33-512}~sourceXP_001266560~	3.1e-204	73.9	467
PNP51254.1	MER0148913-familyS9non-peptidasehomologues(Cionaintestinalis)[S09.UNW]#S09X#{peptidaseunit:171-370}~sourceENSCINP00000012803~	5.5e-08	24.6	175
PNP51262.1	MER1073214-aorsin(Hypocreavirens)[S53.007]#S53#{peptidaseunit:223-690}~sourceG9MSU4~	1.3e-254	91.2	467
PNP51279.1	MER0064128-familyS33non-peptidasehomologues(Gibberellazeae)[S33.UNW]#S33#{peptidaseunit:27-298}~sourceXP_386641~	1.2e-109	68.6	271
PNP51283.1	MER0135310-familyS9non-peptidasehomologues(Batrachochytriumdendrobatidis)[S09.UNW]#S09X#{peptidaseunit:241-408}~sourceBDEG_00552~	1.6e-16	32.1	168
PNP51300.1	MER0972464-subfamilyS8Anon-peptidasehomologues(Trichodermaatroviride)[S08.UNA]#S08A#{peptidaseunit:523-771}~sourceG9NEB3~	1.2e-20	45.8	120
PNP51311.1	MER1178700-familyG1unassignedpeptidases(Trichodermaharzianum)[G01.UPW]#G01#{peptidaseunit:61-263}~sourcePKK46040~	5.9e-104	96.1	203
PNP51315.1	MER0889738-familyM49unassignedpeptidases(Penicilliumroqueforti)[M49.UPW]#M49#{peptidaseunit:435-651}~sourceW6QL54~	2e-95	74.2	217
PNP51329.1	MER0472968-C44E12.1g.p.({Caenorhabditiselegans})(Trichodermaatroviride)[M20.A16]#M20A#{peptidaseunit:46-408}~sourceEHK50477~	2.8e-177	81.3	363
PNP51333.1	MER0788077-familyI51unassignedpeptidaseinhibitors(Hypocreavirens)[I51.UPW]#I51#{inhibitorunit:35-191}~sourceG9N5W1~	1.4e-81	91.7	157
PNP51341.1	MER1186534-subfamilyM3Aunassignedpeptidases(Trichodermaharzianum)[M03.UPA]#M03A#{peptidaseunit:14-700}~sourceKKP00876~	0	94.2	687
PNP51346.1	MER0157533-familyS9non-peptidasehomologues(Dipodomysordii)[S09.UNW]#S09X#{peptidaseunit:159-369}~sourceENSDORP00000014395~	9e-08	39.2	74
PNP51362.1	MER0090165-familyS9non-peptidasehomologues(Emericellanidulans)[S09.UNW]#S09X#{peptidaseunit:586-801}~sourceEAA62365~	1.7e-73	64	214
PNP51368.1	MER0449810-familyC26unassignedpeptidases(Trichodermaatroviride)[C26.UPW]#C26#{peptidaseunit:6-238}~sourceEHK50442~	1.1e-98	75.5	233
PNP51377.1	MER0785864-subfamilyM20Aunassignedpeptidases(Hypocreavirens)[M20.UPA]#M20A#{peptidaseunit:52-550}~sourceG9N5R1~	5.7e-274	90.4	499
PNP51389.1	MER0727329-familyC48unassignedpeptidases(Metarhiziumguizhouense)[C48.UPW]#C48#{peptidaseunit:33-187}~sourceA0A0B4H9H9~	8.1e-80	89	155
PNP51405.1	MER0032480-familyM38unassignedpeptidases(Aspergillusoryzae)[M38.UPW]#M38#{peptidaseunit:39-425}~sourceAO070307000063~	1.4e-23	64.6	79
PNP51406.1	MER0626092-familyM38non-peptidasehomologues(Aspergillusniger)[M38.UNW]#M38#{peptidaseunit:43-430}~sourceXP_001399147~	6.3e-96	69.4	242
PNP51408.1	MER0212580-familyS33unassignedpeptidases(Nectriahaematococca)[S33.UPW]#S33#{peptidaseunit:346-576}~sourceEEU41980~	1.3e-71	59.7	231
PNP51429.1	MER1118174-familyI4unassignedpeptidaseinhibitors(Enterobiusvermicularis)[I04.UPW]#I04#{inhibitorunit:261-509}~sourceEVEC_0000955001~	3.5e-26	37.6	205
PNP51444.1	MER0065403-familyS33unassignedpeptidases(Gibberellazeae)[S33.UPW]#S33#{peptidaseunit:1014-1271}~sourceXP_387657~	8.6e-64	72.5	160
PNP51459.1	MER0308564-subfamilyM14Anon-peptidasehomologues(Hypocreavirens)[M14.UNA]#M14A#{peptidaseunit:149-482}~sourceEHK15155~	5.4e-197	97.3	334
PNP51473.1	MER0065442-familyS33unassignedpeptidases(Gibberellazeae)[S33.UPW]#S33#{peptidaseunit:54-341}~sourceXP_382060~	2.2e-99	59.9	287
PNP51491.1	MER0065455-Uch2peptidase(Gibberellazeae)[C12.009]#C12#{peptidaseunit:3-230}~sourceXP_382039~	4.1e-112	85.5	228
PNP51537.1	MER0800035-familyI87unassignedpeptidaseinhibitors(Trichodermareesei)[I87.UPW]#I87#{inhibitorunit:71-287}~sourceA0A024S7E2~	1.9e-106	96.3	217
PNP51540.1	MER0287908-familyM4unassignedpeptidases(Hypocreavirens)[M04.UPW]#M04#{peptidaseunit:122-403}~sourceEHK24974~	6.5e-151	88.7	282
PNP51551.1	MER0480902-aminopeptidaseP3(Trichodermaatroviride)[M24.026]#M24B#{peptidaseunit:240-492}~sourceEHK48294~	1e-141	92.5	253
PNP51575.1	MER1184739-subfamilyM3Aunassignedpeptidases(Trichodermaharzianum)[M03.UPA]#M03A#{peptidaseunit:19-700}~sourcePNP51575~	0	100	682
PNP51578.1	MER0311377-familyI32unassignedpeptidaseinhibitors(Trichodermareesei)[I32.UPW]#I32#{inhibitorunit:118-208}~sourceEGR46880~	1.1e-48	92.3	91
PNP51600.1	MER0156740-familyS9unassignedpeptidases(Dipodomysordii)[S09.UPW]#S09X#{peptidaseunit:237-296}~sourceENSDORP00000002689~	7.1e-13	54.4	57
PNP51602.1	MER1047786-subfamilyS26Aunassignedpeptidases(Trichodermaatroviride)[S26.UPA]#S26A#{peptidaseunit:42-175}~sourceG9NMQ6~	2.3e-70	94	134
PNP51629.1	MER0060274-familyS9unassignedpeptidases(Gibberellazeae)[S09.UPW]#S09X#{peptidaseunit:151-530}~sourceXP_381779~	3.1e-158	69.5	380
PNP51638.1	MER0813153-familyM1unassignedpeptidases(Metarhiziumbrunneum)[M01.UPW]#M01#{peptidaseunit:228-452}~sourceA0A0B4FIU0~	1.2e-132	97.3	225
PNP51643.1	MER0278187-familyM41non-peptidasehomologues(Glossinamorsitans)[M41.UNW]#M41#{peptidaseunit:240-464}~sourceTMP013082-PA~	2.6e-25	52.7	112
PNP51666.1	MER0214202-subfamilyS9Cunassignedpeptidases(Talaromycesstipitatus)[S09.UPC]#S09C#{peptidaseunit:8-329}~sourceXP_002481289~	2.5e-41	34.9	298
PNP51720.1	MER0386052-familyC56non-peptidasehomologues(Hypocreavirens)[C56.UNW]#C56#{peptidaseunit:56-170}~sourceEHK21078~	3.2e-55	88.7	115
PNP51723.1	MER0032718-familyS33unassignedpeptidases(Aspergillusoryzae)[S33.UPW]#S33#{peptidaseunit:28-261}~sourceAO070321000144~	5.1e-41	40.3	236
PNP51737.1	MER0384133-subfamilyA1Aunassignedpeptidases(Hypocreavirens)[A01.UPA]#A01A#{peptidaseunit:41-332}~sourceEHK21122~	4.1e-153	86	315
PNP51738.1	MER0032761-familyS33non-peptidasehomologues(Aspergillusoryzae)[S33.UNW]#S33#{peptidaseunit:37-151}~sourceAO070335000174~	4.5e-42	76.5	115
PNP51739.1	MER0305009-familyS28unassignedpeptidases(Trichodermareesei)[S28.UPW]#S28#{peptidaseunit:36-483}~sourceEGR48330~	9.7e-49	95.8	96
PNP51740.1	MER0305009-familyS28unassignedpeptidases(Trichodermareesei)[S28.UPW]#S28#{peptidaseunit:36-483}~sourceEGR48330~	2.5e-50	92.1	101
PNP51759.1	MER0212580-familyS33unassignedpeptidases(Nectriahaematococca)[S33.UPW]#S33#{peptidaseunit:346-576}~sourceEEU41980~	8.1e-53	47.6	231
PNP51780.1	MER0209434-familyS9non-peptidasehomologues(Nectriahaematococca)[S09.UNW]#S09X#{peptidaseunit:124-306}~sourceEEU42730~	7.6e-44	46.7	184
PNP51787.1	MER1206231-subfamilyM10Aunassignedpeptidases(Parasteatodatepidariorum)[M10.UPA]#M10A#{peptidaseunit:82-249}~sourceXP_021001031~	8.4e-06	76.5	34
PNP51832.1	MER0999770-familyS9unassignedpeptidases(Pilodermacroceum)[S09.UPW]#S09X#{peptidaseunit:92-481}~sourceA0A0C3EXR5~	3.3e-144	63.7	388
PNP51833.1	MER0999770-familyS9unassignedpeptidases(Pilodermacroceum)[S09.UPW]#S09X#{peptidaseunit:92-481}~sourceA0A0C3EXR5~	5.3e-112	60.6	320
PNP51840.1	MER0467314-subfamilyM10Bunassignedpeptidases(Aspergillusoryzae)[M10.UPB]#M10B#{peptidaseunit:87-221}~sourceBAE55462~	6.4e-29	49.6	127
PNP51843.1	MER0053345-Kellblood-grouppeptidase(Pantroglodytes)[M13.090]#M13#{peptidaseunit:1-461}~sourceXP_519444~	0.00072	28.7	178
PNP51857.1	MER0383724-subfamilyA1Aunassignedpeptidases(Hypocreavirens)[A01.UPA]#A01A#{peptidaseunit:54-398}~sourceEHK19238~	1e-181	90.7	345
PNP51862.1	MER0394800-methionylaminopeptidase1({Escherichia}-type)(Hypocreavirens)[M24.001]#M24A#{peptidaseunit:131-384}~sourceEHK19234~	3.7e-150	99.6	254
PNP51879.1	MER1118174-familyI4unassignedpeptidaseinhibitors(Enterobiusvermicularis)[I04.UPW]#I04#{inhibitorunit:261-509}~sourceEVEC_0000955001~	5.5e-35	45.7	173
PNP51906.1	MER0421113-esteraseEstB(Trichodermaatroviride)[S12.950]#S12#{peptidaseunit:63-409}~sourceEHK42282~	4.4e-66	88.4	129
PNP51928.1	MER0064709-familyS16unassignedpeptidases(Gibberellazeae)[S16.UPW]#S16#{peptidaseunit:675-938}~sourceXP_389901~	6e-135	91.3	264
PNP51984.1	MER0466772-Mername-AA242peptidasehomologue({Musmusculus})(Cordycepsmilitaris)[T01.995]#T01A#{peptidaseunit:86-297}~sourceEGX92970~	3.1e-107	94.3	212
PNP51989.1	MER0280485-subfamilyA28Aunassignedpeptidases(Fusariumoxysporum)[A28.UPA]#A28A#{peptidaseunit:283-411}~sourceEGU84272~	7.2e-59	89.1	129
PNP52037.1	MER0962227-subfamilyS1Cunassignedpeptidases(Gibberellamoniliformis)[S01.UPC]#S01C#{peptidaseunit:103-376}~sourceW7MKG6~	5.9e-153	92.7	274
PNP52071.1	MER0064211-familyS33unassignedpeptidases(Gibberellazeae)[S33.UPW]#S33#{peptidaseunit:35-474}~sourceXP_385184~	6.9e-186	70.8	439
PNP52078.1	MER0408764-familyM20Dunassignedpeptidases(Macrophominaphaseolina)[M20.UPD]#M20D#{peptidaseunit:85-208}~sourceEKG11719~	6.7e-19	40.8	125
PNP52089.1	MER0135176-familyS9non-peptidasehomologues(Batrachochytriumdendrobatidis)[S09.UNW]#S09X#{peptidaseunit:407-572}~sourceBDEG_03084~	3.5e-27	33.3	213
PNP52155.1	MER1031670-familyS16unassignedpeptidases(Gibberellamoniliformis)[S16.UPW]#S16#{peptidaseunit:791-1086}~sourceW7M2T0~	7.9e-134	82.2	298
PNP52190.1	MER0134374-familyS33unassignedpeptidases(Burkholderiacenocepacia)[S33.UPW]#S33#{peptidaseunit:7-250}~sourceCAR52884~	4e-42	44	241
PNP52199.1	MER0064501-familyS33unassignedpeptidases(Gibberellazeae)[S33.UPW]#S33#{peptidaseunit:6-247}~sourceXP_391723~	2.2e-23	34.6	243
PNP52210.1	MER0865108-familyM38non-peptidasehomologues(Hypocreavirens)[M38.UNW]#M38#{peptidaseunit:229-417}~sourceG9MW12~	7e-89	89.4	189
PNP52232.1	MER0214476-familyS9non-peptidasehomologues(Aspergillusterreus)[S09.UNW]#S09X#{peptidaseunit:42-245}~sourceXP_001214467~	6.1e-56	48	204
PNP52236.1	MER0442588-carbamylphosphatesynthetase(Trichodermaatroviride)[C26.956]#C26#{peptidaseunit:115-444}~sourceEHK43396~	7.2e-179	91.9	334
PNP52250.1	MER1130725-familyI15unassignedpeptidaseinhibitors(Panagrellusredivivus)[I15.UPW]#I15#{inhibitorunit:289-342}~sourcePan_g20486_t1~	1.5e-07	51.2	43
PNP52253.1	MER0134844-familyS9non-peptidasehomologues(Batrachochytriumdendrobatidis)[S09.UNW]#S09X#{peptidaseunit:608-775}~sourceBDEG_05417~	7.6e-07	30.3	99
PNP52254.1	MER0281860-familyS9non-peptidasehomologues(Streptomycescattleya)[S09.UNW]#S09X#{peptidaseunit:390-499}~sourceYP_004910858~	2.6e-06	40.6	69
PNP52267.1	MER0242197-glycosylphosphatidylinositol:proteintransamidase(Glomerellagraminicola)[C13.005]#C13#{peptidaseunit:25-295}~sourceEFQ31045~	4.2e-151	95.6	271
PNP52295.1	MER0457755-familyC44unassignedpeptidases(Aspergillusclavatus)[C44.UPW]#C44#{peptidaseunit:2-187}~sourceXP_001272100~	7.8e-26	42	176
PNP52319.1	MER0511207-subfamilyM23Bunassignedpeptidases(Macrophominaphaseolina)[M23.UPB]#M23B#{peptidaseunit:398-594}~sourceEKG19533~	6.1e-12	47.5	80
PNP52342.1	MER0047368-familyS33unassignedpeptidases(Leishmaniamajor)[S33.UPW]#S33#{peptidaseunit:57-329}~sourceAC090053~	2e-80	51.3	273
PNP52370.1	MER0017149-familyS33non-peptidasehomologues(Mycobacteriumsp.GP1)[S33.UNW]#S33#{peptidaseunit:32-291}~sourceQ9ZER0~	1.4e-77	53.7	257
PNP52378.1	MER0511213-familyS33non-peptidasehomologues(Macrophominaphaseolina)[S33.UNW]#S33#{peptidaseunit:29-346}~sourceEKG19945~	2.1e-64	40	320
PNP52393.1	MER0983684-subfamilyS8Aunassignedpeptidases(Hypocreavirens)[S08.UPA]#S08A#{peptidaseunit:90-275,429-547}~sourceG9MRS1~	3.7e-145	62.9	458
PNP52418.1	MER0625601-familyS9unassignedpeptidases(Thielaviaterrestris)[S09.UPW]#S09X#{peptidaseunit:51-413}~sourceXP_003651683~	1.6e-91	46.7	368
PNP52480.1	MER0173931-familyM38unassignedpeptidases(Rhodococcusopacus)[M38.UPW]#M38#{peptidaseunit:15-349}~sourceBAH51546~	7.1e-50	38.4	365
PNP52484.1	MER0975456-subfamilyS8Anon-peptidasehomologues(Fusariumoxysporum)[S08.UNA]#S08A#{peptidaseunit:484-729}~sourceN4UJ84~	2.2e-83	65.2	247
PNP52493.1	MER0060264-familyS33non-peptidasehomologues(Gibberellazeae)[S33.UNW]#S33#{peptidaseunit:60-391}~sourceXP_381941~	9.4e-106	51.6	335
PNP52519.1	MER0053345-Kellblood-grouppeptidase(Pantroglodytes)[M13.090]#M13#{peptidaseunit:1-461}~sourceXP_519444~	4e-05	27.6	156
PNP52541.1	MER0336375-familyM1unassignedpeptidases(Cordycepsmilitaris)[M01.UPW]#M01#{peptidaseunit:294-541}~sourceEGX93623~	6.6e-127	82.7	248
PNP52550.1	MER0889204-subfamilyM48Cunassignedpeptidases(Hypocreavirens)[M48.UPC]#M48C#{peptidaseunit:103-350}~sourceG9MHP4~	3.6e-139	97.6	248
PNP52575.1	MER0145596-familyS9non-peptidasehomologues(Cionasavignyi)[S09.UNW]#S09X#{peptidaseunit:12-163}~sourceENSCSAVP00000001136~	8.6e-06	36.1	108
PNP52604.1	MER0211167-familyS33unassignedpeptidases(Gibberellazeae)[S33.UPW]#S33#{peptidaseunit:87-390}~sourceXP_380763~	1.8e-144	81.2	304
PNP52694.1	MER0000335-endopeptidaseK(Engyodontiumalbum)[S08.054]#S08A#{peptidaseunit:106-384}~sourcePRTK_TRIAL~	1.5e-12	27.4	266
PNP52698.1	MER0625803-familyS9unassignedpeptidases(Thielaviaterrestris)[S09.UPW]#S09X#{peptidaseunit:150-524}~sourceXP_003654456~	1.3e-90	63.9	255
PNP52722.1	MER0183518-familyS9non-peptidasehomologues(Ochotonaprinceps)[S09.UNW]#S09X#{peptidaseunit:31-203}~sourceENSOPRP00000014044~	2e-04	35.4	79
PNP52727.1	MER0412697-familyM41non-peptidasehomologues(Solanumtuberosum)[M41.UNW]#M41#{peptidaseunit:385-549}~sourcePGSC0003DMP400021722~	1.1e-16	44	116
PNP52754.1	MER0761316-familyI9unassignedpeptidaseinhibitors(Hypocreavirens)[I09.UPW]#I09#{inhibitorunit:3-71}~sourceG9MYT5~	3.7e-21	75.4	69
PNP52786.1	MER0133461-familyM50non-peptidasehomologues(Sebaldellatermitidis)[M50.UNW]#M50#{peptidaseunit:89-186}~sourceACZ09042~	1e-05	35.3	102
PNP52807.1	MER0064186-guaninedeaminase(Gibberellazeae)[M38.981]#M38#{peptidaseunit:91-423}~sourceXP_385499~	1.1e-150	74.9	335
PNP52820.1	MER0065434-familyS9unassignedpeptidases(Gibberellazeae)[S09.UPW]#S09X#{peptidaseunit:121-322}~sourceXP_382151~	6.8e-85	70.3	202
PNP52829.1	MER0168968-familyC56non-peptidasehomologues(Chaetomiumglobosum)[C56.UNW]#C56#{peptidaseunit:24-164}~sourceXP_001223881~	6.5e-48	64.5	141
PNP52831.1	MER0437914-familyC26unassignedpeptidases(Colletotrichumhigginsianum)[C26.UPW]#C26#{peptidaseunit:60-414}~sourceCCF32285~	2.5e-195	91	354
PNP52836.1	MER0204750-subfamilyA1Anon-peptidasehomologues(Nectriahaematococca)[A01.UNA]#A01A#{peptidaseunit:19-401}~sourceEEU40942~	8.2e-143	63.6	374
PNP52867.1	MER0626331-familyC110unassignedpeptidases(Hypocreavirens)[C110.UPW]#C110#{peptidaseunit:371-476}~sourceEHK20371~	2.5e-58	97.2	106
PNP52891.1	MER0448512-familyC26unassignedpeptidases(Neurosporacrassa)[C26.UPW]#C26#{peptidaseunit:187-541}~sourceXP_957732~	7.9e-146	67	355
PNP52906.1	MER0148183-familyS9non-peptidasehomologues(Cionaintestinalis)[S09.UNW]#S09X#{peptidaseunit:334-554}~sourceENSCINP00000003574~	1.4e-10	25.3	249
PNP52910.1	MER0064714-subfamilyM67Anon-peptidasehomologues(Gibberellazeae)[M67.UNA]#M67A#{peptidaseunit:25-130}~sourceXP_389774~	5.7e-43	74.5	106
PNP52935.1	MER0920123-subfamilyM16Bnon-peptidasehomologues(Trichodermareesei)[M16.UNB]#M16B#{peptidaseunit:43-381}~sourceA0A024S9R3~	4.3e-163	89.1	339
PNP52953.1	MER0195833-familyN11unassignedpeptidelyases()[N11.UPW]#N11#{peptidaseunit:944-1048}~sourceYP_003970177~	9.7e-18	43	107
PNP53086.1	MER0745081-familyC89unassignedpeptidases(Exophialaoligosperma)[C89.UPW]#C89#{peptidaseunit:109-323}~sourceA0A0D2DU97~	1.6e-13	52.3	86
PNP53091.1	MER0032862-familyC44non-peptidasehomologues(Magnaporthegrisea)[C44.UNW]#C44#{peptidaseunit:2-377}~sourceMG00969_4~	2.2e-180	80.9	376
PNP53149.1	MER0293796-familyC19unassignedpeptidases(Glomerellagraminicola)[C19.UPW]#C19#{peptidaseunit:20-501}~sourceEFQ26555~	2.3e-230	82.6	477
PNP53167.1	MER1179089-familyG1unassignedpeptidases(Trichodermaharzianum)[G01.UPW]#G01#{peptidaseunit:61-267}~sourcePNP53167~	6.7e-119	100	207
PNP53171.1	MER0467343-subfamilyM10Bunassignedpeptidases(Podosporaanserina)[M10.UPB]#M10B#{peptidaseunit:28-188}~sourceXP_003437436~	4e-16	39.6	164
PNP53198.1	MER0033141-familyS33non-peptidasehomologues(Magnaporthegrisea)[S33.UNW]#S33#{peptidaseunit:236-522}~sourceMG04378_4~	3.6e-105	62.5	288
PNP53204.1	MER0080258-proteasomesubunitbeta4(Trichodermaharzianum)[T01.987]#T01A#{peptidaseunit:41-253}~sourceABE41788~	1.5e-115	99.5	213
PNP53205.1	MER0455281-familyC44non-peptidasehomologues(Trichodermaatroviride)[C44.UNW]#C44#{peptidaseunit:2-353}~sourceEHK45266~	7.3e-192	96.3	353
PNP53206.1	MER0286041-familyM41non-peptidasehomologues(Echinococcusmultilocularis)[M41.UNW]#M41#{peptidaseunit:71-293}~sourceEmW_000847400~	3.4e-24	46.7	122
PNP53237.1	MER0975454-subfamilyS8Aunassignedpeptidases(Hypocreavirens)[S08.UPA]#S08A#{peptidaseunit:96-278,442-552}~sourceG9NAC4~	4.1e-112	55.2	420
PNP53246.1	MER0032527-subfamilyS9Bnon-peptidasehomologues(Aspergillusoryzae)[S09.UNB]#S09B#{peptidaseunit:20-283}~sourceAO070261000016~	4.5e-111	74.5	267
PNP53276.1	MER0421116-familyS12unassignedpeptidases(Trichodermaatroviride)[S12.UPW]#S12#{peptidaseunit:35-393}~sourceEHK47102~	1.3e-143	68.6	347
PNP53319.1	MER0710725-familyC19unassignedpeptidases(Trichodermareesei)[C19.UPW]#C19#{peptidaseunit:137-644}~sourceG0RH21~	6.8e-227	77.9	511
PNP53326.1	MER0032537-subfamilyS9Cunassignedpeptidases(Aspergillusoryzae)[S09.UPC]#S09C#{peptidaseunit:188-441}~sourceAO070266000035~	1.3e-65	49.4	253
PNP53352.1	MER0885390-familyM18unassignedpeptidases(Trichodermaharzianum)[M18.UPW]#M18#{peptidaseunit:109-566}~sourcePNP53352~	3e-270	100	458
PNP53369.1	MER0064146-familyC44unassignedpeptidases(Gibberellazeae)[C44.UPW]#C44#{peptidaseunit:2-160}~sourceXP_386323~	2.1e-87	95.6	159
PNP53373.1	MER0383686-SA76peptidase({Trichodermasp.})(Hypocreavirens)[A01.082]#A01A#{peptidaseunit:69-381}~sourceEHK26120~	3.9e-179	95.2	313
PNP53407.1	MER0324058-familyC97unassignedpeptidases(Hypocreavirens)[C97.UPW]#C97#{peptidaseunit:3-159}~sourceEHK26082~	9.3e-78	93.6	157
PNP53434.1	MER0460848-proteasomesubunitalpha1(Trichodermaatroviride)[T01.976]#T01A#{peptidaseunit:27-247}~sourceEHK41802~	1.4e-104	87.3	221
PNP53441.1	MER0442879-familyC26unassignedpeptidases(Trichodermaatroviride)[C26.UPW]#C26#{peptidaseunit:18-259}~sourceEHK41796~	3.1e-125	87.2	242
PNP53445.1	MER1073240-subfamilyS49Cnon-peptidasehomologues(Acinetobacterbohemicus)[S49.UNC]#S49C#{peptidaseunit:84-212}~sourceN8Q6E4~	2.9e-08	35.2	125
PNP53491.1	MER0033143-familyS33non-peptidasehomologues(Magnaporthegrisea)[S33.UNW]#S33#{peptidaseunit:83-495}~sourceMG07340_4~	1.3e-61	41.9	372
PNP53494.1	MER0624456-familyI4unassignedpeptidaseinhibitors(Podosporaanserina)[I04.UPW]#I04#{inhibitorunit:4-40}~sourceXP_001911735~	1.5e-07	76.9	39
PNP53506.1	MER0033073-subfamilyM16Cunassignedpeptidases(Magnaporthegrisea)[M16.UPC]#M16C#{peptidaseunit:226-980}~sourceMG02440_4~	2e-289	62.5	784
PNP53507.1	MER0922147-subfamilyM16Bunassignedpeptidases(Ophiostomapiceae)[M16.UPB]#M16B#{peptidaseunit:72-282}~sourceS3CQL0~	2.5e-12	96.9	32
PNP53509.1	MER0295556-Ste24peptidase(Hypocreavirens)[M48.001]#M48A#{peptidaseunit:163-436}~sourceEHK26722~	1.7e-151	96.7	274
PNP53510.1	MER0316622-insulysinhomologue({Saccharomycescerevisiae})(Hypocreavirens)[M16.A04]#M16C#{peptidaseunit:59-504}~sourceEHK25982~	3.5e-256	98.2	446
PNP53546.1	MER1073477-aorsin(Hypocreavirens)[S53.007]#S53#{peptidaseunit:113-494}~sourceG9MGU9~	1.7e-157	68.8	429
PNP53547.1	MER1070132-aorsin(Hypocreavirens)[S53.007]#S53#{peptidaseunit:217-642}~sourceG9MGU7~	2.7e-227	87.8	426
PNP53552.1	MER0065250-familyC56non-peptidasehomologues(Gibberellazeae)[C56.UNW]#C56#{peptidaseunit:41-192}~sourceXP_389155~	1.1e-50	62.9	151
PNP53584.1	MER0974079-subfamilyS8Aunassignedpeptidases(Hypocreavirens)[S08.UPA]#S08A#{peptidaseunit:142-325,482-599}~sourceG9MT87~	1.8e-144	61.8	458
PNP53612.1	MER0908225-familyM76unassignedpeptidases(Acremoniumchrysogenum)[M76.UPW]#M76#{peptidaseunit:73-258}~sourceA0A086TF85~	3.8e-100	86.6	186
PNP53615.1	MER1360781-familyA31non-peptidasehomologues(Thecamonastrahens)[A31.UNW]#A31#{peptidaseunit:181-256}~sourceXP_013753081~	2.1e-11	46.8	77
PNP53618.1	MER0064088-familyM24non-peptidasehomologues(Gibberellazeae)[M24.UNW]#M24X#{peptidaseunit:9-375}~sourceXP_387131~	1.4e-173	83.7	367
PNP53658.1	MER0293854-familyC19unassignedpeptidases(Trichodermaatroviride)[C19.UPW]#C19#{peptidaseunit:531-1380}~sourceEHK48904~	0	78	868
PNP53659.1	MER0315195-subfamilyM16Aunassignedpeptidases(Arthrodermagypseum)[M16.UPA]#M16A#{peptidaseunit:57-548}~sourceXP_003173887~	3.5e-163	57.4	495
PNP53690.1	MER0241324-familyS9non-peptidasehomologues(Desulfovibriofructosivorans)[S09.UNW]#S09X#{peptidaseunit:41-206}~sourceZP_07333476~	8.5e-06	25.9	143
PNP53694.1	MER1360781-familyA31non-peptidasehomologues(Thecamonastrahens)[A31.UNW]#A31#{peptidaseunit:181-256}~sourceXP_013753081~	2.9e-08	41	78
PNP53782.1	MER0177503-carboxypeptidaseOcpA(Sclerotiniasclerotiorum)[S10.008]#S10#{peptidaseunit:61-473}~sourceXP_001586429~	2.1e-98	52.8	335
PNP53800.1	MER0624676-subfamilyS9Cunassignedpeptidases(Gibberellazeae)[S09.UPC]#S09C#{peptidaseunit:55-310}~sourceXP_380731~	6.3e-95	59.4	256
PNP53804.1	MER0278187-familyM41non-peptidasehomologues(Glossinamorsitans)[M41.UNW]#M41#{peptidaseunit:240-464}~sourceTMP013082-PA~	9.8e-27	53.8	117
PNP53810.1	MER0439686-proteasomesubunitalpha3(Nectriahaematococca)[T01.977]#T01A#{peptidaseunit:36-268}~sourceXP_003054281~	2.3e-120	90.1	233
PNP53896.1	MER0536151-familyM20Dunassignedpeptidases(Neolamprologusbrichardi)[M20.UPD]#M20D#{peptidaseunit:19-389}~sourceXP_006809828~	1.1e-29	48.1	154
PNP53954.1	MER0157926-familyS9non-peptidasehomologues(Dipodomysordii)[S09.UNW]#S09X#{peptidaseunit:1-143}~sourceENSDORP00000010931~	1.4e-13	35.8	148
PNP53991.1	MER0511182-subfamilyS9Cnon-peptidasehomologues(Macrophominaphaseolina)[S09.UNC]#S09C#{peptidaseunit:121-344}~sourceEKG18454~	1.4e-68	57.5	226
PNP53997.1	MER0709028-familyC19non-peptidasehomologues(Trichodermareesei)[C19.UNW]#C19#{peptidaseunit:35-605}~sourceG0RDV6~	1e-268	87.6	573
PNP54020.1	MER0385981-familyC56non-peptidasehomologues(Fusariumoxysporum)[C56.UNW]#C56#{peptidaseunit:57-166}~sourceEGU83107~	6e-13	42.2	90
PNP54042.1	MER0383999-subfamilyA1Aunassignedpeptidases(Hypocreavirens)[A01.UPA]#A01A#{peptidaseunit:98-411}~sourceEHK15313~	4.6e-159	84.4	314
PNP54045.1	MER0211021-familyS33unassignedpeptidases(Gibberellazeae)[S33.UPW]#S33#{peptidaseunit:96-351}~sourceXP_386673~	1.2e-70	50.4	260
PNP54075.1	MER0135310-familyS9non-peptidasehomologues(Batrachochytriumdendrobatidis)[S09.UNW]#S09X#{peptidaseunit:241-408}~sourceBDEG_00552~	3.4e-08	35.2	125
PNP54082.1	MER0135310-familyS9non-peptidasehomologues(Batrachochytriumdendrobatidis)[S09.UNW]#S09X#{peptidaseunit:241-408}~sourceBDEG_00552~	1.3e-09	27	163
PNP54089.1	MER0295850-familyC26non-peptidasehomologues(Nematostellavectensis)[C26.UNW]#C26#{peptidaseunit:61-329}~sourceXP_001621066~	2.7e-08	43.7	71
PNP54096.1	MER0381401-familyS33unassignedpeptidases(Metarhiziumacridum)[S33.UPW]#S33#{peptidaseunit:34-469}~sourceEFY92793~	2.3e-178	69.4	448
PNP54130.1	MER0347797-subfamilyM3Aunassignedpeptidases(Hypocreavirens)[M03.UPA]#M03A#{peptidaseunit:198-825}~sourceEHK15410~	0	98.7	628
PNP54151.1	MER0215589-familyS33unassignedpeptidases(Gibberellazeae)[S33.UPW]#S33#{peptidaseunit:902-1273}~sourceXP_387058~	3.1e-122	58.6	372
PNP54156.1	MER1361338-subfamilyT1Aunassignedpeptidases(Trichodermaharzianum)[T01.UPA]#T01A#{peptidaseunit:71-274}~sourcePNP54156~	1.9e-116	100	204
PNP54170.1	MER0296715-carboxypeptidaseY(Hypocreavirens)[S10.001]#S10#{peptidaseunit:133-543}~sourceEHK15445~	4.6e-244	93.9	411
PNP54206.1	MER0609299-subfamilyA2Aunassignedpeptidases(Gorillagorilla)[A02.UPA]#A02A#{peptidaseunit:23-64}~sourceXP_004049335~	0.00049	45.2	42
PNP54228.1	MER0156123-familyS9non-peptidasehomologues(Dipodomysordii)[S09.UNW]#S09X#{peptidaseunit:444-713}~sourceENSDORP00000005058~	5e-06	23.5	272
PNP54257.1	MER0273571-familyM41non-peptidasehomologues(Paenibacillusmucilaginosus)[M41.UNW]#M41#{peptidaseunit:30-196}~sourceYP_004641264~	6.6e-09	32.2	149
PNP54263.1	MER0792533-familyI87unassignedpeptidaseinhibitors(Trichodermareesei)[I87.UPW]#I87#{inhibitorunit:88-272}~sourceG0RJG3~	5.7e-94	98.9	185
PNP54270.1	MER0384170-subfamilyA1Aunassignedpeptidases(Trichodermaatroviride)[A01.UPA]#A01A#{peptidaseunit:78-400}~sourceEHK41356~	1.7e-173	87.6	331
PNP54303.1	MER0149551-familyS9non-peptidasehomologues(Cionaintestinalis)[S09.UNW]#S09X#{peptidaseunit:12-163}~sourceENSCINP00000019571~	0.00033	23.2	155
PNP54319.1	MER0888555-familyM18unassignedpeptidases(Trichodermaharzianum)[M18.UPW]#M18#{peptidaseunit:7-482}~sourcePKK47099~	3.9e-276	99.4	476
PNP54346.1	MER0064110-S-formylglutathionehydrolaseFrmB({Escherichicoli})(Gibberellazeae)[S09.940]#S09B#{peptidaseunit:12-282}~sourceXP_386857~	3.8e-125	76.4	271
PNP54430.1	MER0626142-familyS9unassignedpeptidases(Aspergillusniger)[S09.UPW]#S09X#{peptidaseunit:81-342}~sourceXP_001395837~	3.2e-89	60.1	263
PNP54460.1	MER1360781-familyA31non-peptidasehomologues(Thecamonastrahens)[A31.UNW]#A31#{peptidaseunit:181-256}~sourceXP_013753081~	0.00028	35.5	76
PNP54462.1	MER0625097-familyM38non-peptidasehomologues(Gibberellazeae)[M38.UNW]#M38#{peptidaseunit:1-273}~sourceXP_389753~	9.5e-121	79.1	273
PNP54490.1	MER0447742-familyC26unassignedpeptidases(Trichodermaatroviride)[C26.UPW]#C26#{peptidaseunit:4-204}~sourceEHK39677~	2.4e-107	90	201
PNP54539.1	MER0195830-subfamilyM28Bunassignedpeptidases(Hypocreavirens)[M28.UPB]#M28B#{peptidaseunit:462-722}~sourceEHK24326~	3.5e-148	95.8	261
PNP54561.1	MER0761770-familyI13unassignedpeptidaseinhibitors(Trichodermareesei)[I13.UPW]#I13#{inhibitorunit:18-72}~sourceG0R8N9~	7.6e-14	79.2	48
PNP54602.1	MER1337076-subfamilyS26Bunassignedpeptidases(Trichodermaguizhouense)[S26.UPB]#S26B#{peptidaseunit:37-156}~sourceOPB42626~	3.3e-63	100	120
PNP54608.1	MER0014006-trichodermapepsin(Trichodermaharzianum)[A01.027]#A01A#{peptidaseunit:79-404}~sourceQ9HDT6~	1.9e-170	93.6	326
PNP54614.1	MER0295850-familyC26non-peptidasehomologues(Nematostellavectensis)[C26.UNW]#C26#{peptidaseunit:61-329}~sourceXP_001621066~	7.1e-07	35.3	85
PNP54644.1	MER0421119-familyS12unassignedpeptidases(Trichodermaatroviride)[S12.UPW]#S12#{peptidaseunit:78-358}~sourceEHK49288~	1.2e-90	59.8	281
PNP54656.1	MER0041425-brefeldinAesterase(Propionibacteriumacnes)[S09.951]#S09C#{peptidaseunit:52-302}~sourceYP_056976-1~	1.2e-06	29.2	216
PNP54677.1	MER0211573-familyS33unassignedpeptidases(Sclerotiniasclerotiorum)[S33.UPW]#S33#{peptidaseunit:131-379}~sourceXP_001591647~	4.7e-57	44.8	250
PNP54722.1	MER0157926-familyS9non-peptidasehomologues(Dipodomysordii)[S09.UNW]#S09X#{peptidaseunit:1-143}~sourceENSDORP00000010931~	8.7e-10	31.6	158
PNP54740.1	MER0313871-RCE1peptidase({Homosapiens}-type)(Hypocreavirens)[M79.002]#M79#{peptidaseunit:11-302}~sourceEHK17746~	8.8e-160	93.2	292
PNP54747.1	MER0441432-GMPsynthase(Trichodermaatroviride)[C26.957]#C26#{peptidaseunit:8-244}~sourceEHK48869~	1.1e-131	95.4	241
PNP54749.1	MER0354911-familyS12unassignedpeptidases(Trichodermaatroviride)[S12.UPW]#S12#{peptidaseunit:22-252}~sourceEHK43111~	4.2e-130	95.7	231
PNP54845.1	MER0158050-familyS9non-peptidasehomologues(Dipodomysordii)[S09.UNW]#S09X#{peptidaseunit:54-305}~sourceENSDORP00000014784~	5.7e-54	42.8	257
PNP54888.1	MER0033130-familyM38unassignedpeptidases(Magnaporthegrisea)[M38.UPW]#M38#{peptidaseunit:49-256}~sourceMG01812_4~	6.8e-68	58.5	207
PNP54896.1	MER0064695-familyM67non-peptidasehomologues(Gibberellazeae)[M67.UNW]#M67X#{peptidaseunit:32-294}~sourceXP_390251~	1.4e-124	83.6	275
PNP54899.1	MER0064104-ubiquitin-specificendopeptidase39[misleading](Gibberellazeae)[C19.972]#C19#{peptidaseunit:79-534}~sourceXP_386965~	7.4e-234	85.7	462
PNP54902.1	MER0064103-familyS33unassignedpeptidases(Gibberellazeae)[S33.UPW]#S33#{peptidaseunit:118-372}~sourceXP_386968~	5.9e-100	67.1	255
PNP54909.1	MER0157482-familyS9non-peptidasehomologues(Dipodomysordii)[S09.UNW]#S09X#{peptidaseunit:31-204}~sourceENSDORP00000013670~	2e-05	27.1	129
PNP54912.1	MER0306756-familyC48unassignedpeptidases(Hypocreavirens)[C48.UPW]#C48#{peptidaseunit:406-653}~sourceEHK27221~	1.2e-118	86.7	249
PNP54914.1	MER1090793-subfamilyT1Anon-peptidasehomologues(Trichodermareesei)[T01.UNA]#T01A#{peptidaseunit:4-196}~sourceA0A024S660~	7.4e-107	100	193
PNP54928.1	MER0362870-m-AAApeptidase(Metarhiziumacridum)[M41.003]#M41#{peptidaseunit:627-885}~sourceEFY88070~	8.5e-118	84.5	258
PNP54941.1	MER0626584-familyC110unassignedpeptidases(Hypocreavirens)[C110.UPW]#C110#{peptidaseunit:860-957}~sourceEHK27251~	2.9e-50	95.9	97
PNP54948.1	MER0152984-familyS9non-peptidasehomologues(Scheffersomycesstipitis)[S09.UNW]#S09X#{peptidaseunit:55-322}~sourceEAZ63920~	9.6e-28	29.3	290
PNP54954.1	MER0708624-familyC19unassignedpeptidases(Metarhiziumalbum)[C19.UPW]#C19#{peptidaseunit:81-634}~sourceA0A0B2WIF8~	4.6e-191	57.3	606
PNP54979.1	MER0126122-familyS54non-peptidasehomologues(Magnaporthegrisea)[S54.UNW]#S54#{peptidaseunit:43-184}~sourceEDJ99520~	3e-28	46.1	141
PNP55022.1	MER0315955-familyS54unassignedpeptidases(Hypocreavirens)[S54.UPW]#S54#{peptidaseunit:253-410}~sourceEHK27324~	2.9e-83	97.5	158
PNP55092.1	MER0157493-familyS9non-peptidasehomologues(Dipodomysordii)[S09.UNW]#S09X#{peptidaseunit:103-255}~sourceENSDORP00000013913~	9.5e-25	38.8	165
PNP55102.1	MER0156749-familyS9non-peptidasehomologues(Dipodomysordii)[S09.UNW]#S09X#{peptidaseunit:19-218}~sourceENSDORP00000002832~	2e-39	39	205
PNP55106.1	MER0032859-familyC19unassignedpeptidases(Magnaporthegrisea)[C19.UPW]#C19#{peptidaseunit:238-830}~sourceMG07468_4~	8.2e-246	70.3	596
PNP55144.1	MER1360781-familyA31non-peptidasehomologues(Thecamonastrahens)[A31.UNW]#A31#{peptidaseunit:181-256}~sourceXP_013753081~	3.7e-07	40.3	77
PNP55151.1	MER0316862-BapFpeptidase({Pseudomonas}sp.)(Hypocreavirens)[P01.003]#P01#{peptidaseunit:262-393}~sourceEHK27457~	9.1e-67	97.7	132
PNP55152.1	MER0316830-BapFpeptidase({Pseudomonas}sp.)(Hypocreavirens)[P01.003]#P01#{peptidaseunit:260-382}~sourceEHK27458~	2.5e-61	94.3	123
PNP55169.1	MER1187753-familyM19unassignedpeptidases(Trichodermaharzianum)[M19.UPW]#M19#{peptidaseunit:67-449}~sourcePNP55169~	2.7e-226	100	383
PNP55181.1	MER0737032-(Arionvulgaris)[C78.UNB]#C78B#{peptidaseunit:588-772}~sourceA0A0B7AIP2~	3.3e-18	34.2	190
PNP55276.1	MER0327801-F14J16.17protein({Arabidopsisthaliana})(Hypocreavirens)[M80.A01]#M80#{peptidaseunit:2-145}~sourceEHK19144~	4.5e-80	97.9	144
PNP55309.1	MER0467330-subfamilyM10Bunassignedpeptidases(Podosporaanserina)[M10.UPB]#M10B#{peptidaseunit:46-211}~sourceXP_003437450~	3.1e-20	35.5	172
PNP55310.1	MER0467343-subfamilyM10Bunassignedpeptidases(Podosporaanserina)[M10.UPB]#M10B#{peptidaseunit:28-188}~sourceXP_003437436~	2.6e-23	42.7	164
PNP55312.1	MER0467343-subfamilyM10Bunassignedpeptidases(Podosporaanserina)[M10.UPB]#M10B#{peptidaseunit:28-188}~sourceXP_003437436~	7.6e-20	39.4	165
PNP55313.1	MER0467330-subfamilyM10Bunassignedpeptidases(Podosporaanserina)[M10.UPB]#M10B#{peptidaseunit:46-211}~sourceXP_003437450~	5.2e-22	39.2	171
PNP55314.1	MER0467343-subfamilyM10Bunassignedpeptidases(Podosporaanserina)[M10.UPB]#M10B#{peptidaseunit:28-188}~sourceXP_003437436~	2.4e-15	43.4	129
PNP55332.1	MER0625535-familyS33unassignedpeptidases(Myceliophthorathermophila)[S33.UPW]#S33#{peptidaseunit:170-462,568-631}~sourceXP_003665390~	7.7e-132	53.2	462
PNP55333.1	MER1001413-subfamilyS9Bunassignedpeptidases(Trichodermareesei)[S09.UPB]#S09B#{peptidaseunit:421-633}~sourceA0A024SM81~	1.1e-95	78	214
PNP55349.1	MER0905917-subfamilyM67Aunassignedpeptidases(Villosiclavavirens)[M67.UPA]#M67A#{peptidaseunit:1-310}~sourceA0A063C1X7~	4.6e-170	97.1	310
PNP55367.1	MER0093089-familyS33unassignedpeptidases(Aspergillusniger)[S33.UPW]#S33#{peptidaseunit:69-561}~sourceCAK41306~	5.2e-74	33.9	557
PNP55371.1	MER0156766-familyS9non-peptidasehomologues(Dipodomysordii)[S09.UNW]#S09X#{peptidaseunit:59-277}~sourceENSDORP00000002976~	3.8e-65	53.8	223
PNP55379.1	MER0310509-ATG4peptidase(Hypocreavirens)[C54.001]#C54#{peptidaseunit:118-409}~sourceEHK19044~	7.7e-165	94.9	292
PNP55408.1	MER0897711-familyC56non-peptidasehomologues(Pseudogymnoascuspannorum)[C56.UNW]#C56#{peptidaseunit:31-157}~sourceA0A094F175~	2e-37	55.1	127
PNP55410.1	MER0065243-familyS9unassignedpeptidases(Gibberellazeae)[S09.UPW]#S09X#{peptidaseunit:49-299}~sourceXP_389288~	3.7e-34	33.2	253
PNP55420.1	MER0282573-familyM1unassignedpeptidases(Torulasporadelbrueckii)[M01.UPW]#M01#{peptidaseunit:107-522}~sourceXP_003681796~	5.1e-160	64	428
PNP55439.1	MER0998302-familyS9unassignedpeptidases(Pseudogymnoascuspannorum)[S09.UPW]#S09X#{peptidaseunit:87-461}~sourceA0A094F6L3~	8.8e-123	55.3	376
PNP55509.1	MER0384201-subfamilyA1Aunassignedpeptidases(Hypocreavirens)[A01.UPA]#A01A#{peptidaseunit:77-427}~sourceEHK18009~	2.1e-157	74.9	355
PNP55520.1	MER0624771-familyS33non-peptidasehomologues(Gibberellazeae)[S33.UNW]#S33#{peptidaseunit:17-291}~sourceXP_383349~	2.5e-103	63.4	276
PNP55523.1	MER0064710-subfamilyS9Cunassignedpeptidases(Gibberellazeae)[S09.UPC]#S09C#{peptidaseunit:66-298}~sourceXP_389846~	8e-65	47.5	236
PNP55586.1	MER0787839-familyI51unassignedpeptidaseinhibitors(Colletotrichumfioriniae)[I51.UPW]#I51#{inhibitorunit:47-175}~sourceA0A010RIT0~	1.6e-11	60.8	51
PNP55590.1	MER0278187-familyM41non-peptidasehomologues(Glossinamorsitans)[M41.UNW]#M41#{peptidaseunit:240-464}~sourceTMP013082-PA~	9.7e-22	44.2	120
PNP55591.1	MER0624995-familyS33unassignedpeptidases(Gibberellazeae)[S33.UPW]#S33#{peptidaseunit:371-680}~sourceXP_385773~	1.2e-151	78	318
PNP55599.1	MER1009474-familyS12non-peptidasehomologues(Hypocreavirens)[S12.UNW]#S12#{peptidaseunit:16-255}~sourceG9N7T3~	5.6e-49	56.4	179
PNP55600.1	MER0421285-familyS12unassignedpeptidases(Fusariumoxysporum)[S12.UPW]#S12#{peptidaseunit:802-1173}~sourceEGU81704~	2.3e-13	30.5	154
PNP55614.1	MER0214216-familyS9non-peptidasehomologues(Podosporaanserina)[S09.UNW]#S09X#{peptidaseunit:193-384}~sourceXP_001907774~	4.8e-47	49	206
PNP55640.1	MER1171194-familyC12unassignedpeptidases(Trichodermaguizhouense)[C12.UPW]#C12#{peptidaseunit:18-244}~sourceOPB41585~	2.8e-124	96.5	227
PNP55644.1	MER1118174-familyI4unassignedpeptidaseinhibitors(Enterobiusvermicularis)[I04.UPW]#I04#{inhibitorunit:261-509}~sourceEVEC_0000955001~	2.5e-20	43.1	181
PNP55646.1	MER0625041-familyS33unassignedpeptidases(Gibberellazeae)[S33.UPW]#S33#{peptidaseunit:128-407}~sourceXP_388747~	2.5e-142	87.5	280
PNP55665.1	MER0149423-familyS9non-peptidasehomologues(Cionaintestinalis)[S09.UNW]#S09X#{peptidaseunit:118-315}~sourceENSCINP00000018134~	6.5e-35	38	213
PNP55668.1	MER0060272-familyS33unassignedpeptidases(Gibberellazeae)[S33.UPW]#S33#{peptidaseunit:1-279}~sourceXP_381835~	6.7e-51	52.7	201
PNP55682.1	MER0219597-subfamilyA22Bunassignedpeptidases(Hypocreavirens)[A22.UPB]#A22B#{peptidaseunit:218-516}~sourceEHK16961~	1e-161	96.7	299
PNP55684.1	MER0216182-familyS9non-peptidasehomologues(Magnaportheoryzae)[S09.UNW]#S09X#{peptidaseunit:51-226}~sourceXP_366494~	1.7e-55	55.1	176
PNP55705.1	MER1166021-subfamilyC1Bunassignedpeptidases(Trichodermaharzianum)[C01.UPB]#C01B#{peptidaseunit:57-498}~sourceKKO98383~	2.8e-256	98.6	442
PNP55741.1	MER0464225-familyC97unassignedpeptidases(Trichodermaatroviride)[C97.UPW]#C97#{peptidaseunit:30-167}~sourceEHK44795~	1.1e-75	95.7	138
PNP55747.1	MER0033325-familyT2unassignedpeptidases(Neurosporacrassa)[T02.UPW]#T02#{peptidaseunit:19-287}~sourceQ7S5Y2~	5.5e-94	67	276
PNP55775.1	MER0214517-familyS9non-peptidasehomologues(Podosporaanserina)[S09.UNW]#S09X#{peptidaseunit:34-221}~sourceXP_001906399~	5.7e-79	75	188
PNP55778.1	MER0212844-familyS33non-peptidasehomologues(Aspergillusterreus)[S33.UNW]#S33#{peptidaseunit:32-265}~sourceXP_001215416~	5.3e-55	48.9	231
PNP55782.1	MER0295895-fungalysin(Hypocreavirens)[M36.001]#M36#{peptidaseunit:249-638}~sourceEHK26892~	1.5e-214	92.1	390
PNP55789.1	MER0852976-subfamilyM20Fnon-peptidasehomologues(Trichodermareesei)[M20.UNF]#M20F#{peptidaseunit:419-895}~sourceA0A024RVI9~	2.9e-243	86.4	484
PNP55795.1	MER0152993-familyS9non-peptidasehomologues(Scheffersomycesstipitis)[S09.UNW]#S09X#{peptidaseunit:328-476}~sourceABN66736~	1e-21	51.5	97
PNP55797.1	MER1094922-familyT2unassignedpeptidases(Torrubiellahemipterigena)[T02.UPW]#T02#{peptidaseunit:58-336}~sourceA0A0A1T1Z5~	3.2e-97	63.4	279
PNP55803.1	MER0129460-familyS9non-peptidasehomologues(Pedobacterheparinus)[S09.UNW]#S09X#{peptidaseunit:7-193}~sourceGEBA2500404676~	3.1e-07	24.6	167
PNP55825.1	MER0060272-familyS33unassignedpeptidases(Gibberellazeae)[S33.UPW]#S33#{peptidaseunit:1-279}~sourceXP_381835~	4.2e-71	46.6	281
PNP55857.1	MER0064179-proteasomesubunitalpha4(Gibberellazeae)[T01.973]#T01A#{peptidaseunit:33-239}~sourceXP_385541~	6.6e-113	98.1	207
PNP55930.1	MER0305138-acidprolylendopeptidase({Aspergillus}sp.)(Hypocreavirens)[S28.004]#S28#{peptidaseunit:24-506}~sourceEHK16169~	2.9e-259	86.4	479
PNP55932.1	MER0952443-familyC115homologues,unassigned(Trichodermaharzianum)[C115.UPW]#C115#{peptidaseunit:328-632}~sourceKKO98846~	9.1e-173	98.7	305
PNP55945.1	MER0114579-familyS33unassignedpeptidases(Emericellanidulans)[S33.UPW]#S33#{peptidaseunit:109-367}~sourceEAA62579~	9.3e-23	31.9	238
PNP55959.1	MER0327830-SPCC1442.07cg.p.({Schizosaccharomycespombe})(Trichodermaatroviride)[M80.A04]#M80#{peptidaseunit:111-290}~sourceEHK50934~	3.8e-92	91.2	181
PNP55994.1	MER0210110-familyS9non-peptidasehomologues(Botryotiniafuckeliana)[S09.UNW]#S09X#{peptidaseunit:72-256}~sourceXP_001559203~	6e-58	54.9	184
PNP55995.1	MER0209314-familyS9unassignedpeptidases(Talaromycesstipitatus)[S09.UPW]#S09X#{peptidaseunit:42-310}~sourceXP_002482624~	3.5e-52	42.4	231
PNP55996.1	MER0809415-familyI87unassignedpeptidaseinhibitors(Fusobacteriumsp.CAG:815)[I87.UPW]#I87#{inhibitorunit:30-239}~sourceR7LRK4~	6.7e-12	37.6	117
PNP56000.1	MER0817207-subfamilyM3Aunassignedpeptidases(Pestalotiopsisfici)[M03.UPA]#M03A#{peptidaseunit:13-530,557-711}~sourceW3WST3~	6.6e-165	47.5	642
PNP56051.1	MER0571187-subfamilyM20Aunassignedpeptidases(Cucumismelo)[M20.UPA]#M20A#{peptidaseunit:25-331}~sourceXP_008464599~	6.1e-11	35.4	96
PNP56055.1	MER0057464-familyS9non-peptidasehomologues(Thermobisporabispora)[S09.UNW]#S09X#{peptidaseunit:1135-1317}~sourceGEBA2500199435~	7.4e-12	30.8	159
PNP56060.1	MER0136044-familyS9non-peptidasehomologues(Batrachochytriumdendrobatidis)[S09.UNW]#S09X#{peptidaseunit:29-201}~sourceBDEG_06799~	4e-06	29.8	131
PNP56095.1	MER0135239-familyS9non-peptidasehomologues(Batrachochytriumdendrobatidis)[S09.UNW]#S09X#{peptidaseunit:572-729}~sourceBDEG_01899~	1.6e-05	32.9	82
PNP56123.1	MER0350546-carboxypeptidaseO(Hypocreavirens)[S10.014]#S10#{peptidaseunit:11-465}~sourceEHK19573~	2e-197	70.4	456
PNP56137.1	MER1183072-familyM1unassignedpeptidases(Trichodermaharzianum)[M01.UPW]#M01#{peptidaseunit:211-409}~sourcePKK49118~	4.2e-115	99	199
PNP56144.1	MER0033408-Pro-Hypdipeptidase(Neurosporacrassa)[M38.002]#M38#{peptidaseunit:88-459}~sourceQ872I9~	6.7e-135	64	372
PNP56148.1	MER1073104-aorsin(Pestalotiopsisfici)[S53.007]#S53#{peptidaseunit:248-687}~sourceW3WVR2~	3.2e-176	73.3	397
PNP56157.1	MER0411906-subfamilyS1Anon-peptidasehomologues(Nicotianabenthamiana)[S01.UNA]#S01A#{peptidaseunit:380-544}~sourceNbS00042000g0004~	6.2e-24	43.3	120
PNP56168.1	MER0359519-peptidaseClp(type1)(Hypocreavirens)[S14.001]#S14#{peptidaseunit:1-139}~sourceEHK19582~	3e-71	99.3	139
PNP56181.1	MER0044640-familyM38non-peptidasehomologues(Neurosporacrassa)[M38.UNW]#M38#{peptidaseunit:74-406}~sourceCAB91408~	2e-123	61.1	347
PNP56201.1	MER0060258-hypothetical47kDaprotein({Saccharomycescerevisiae})(Gibberellazeae)[M28.A05]#M28X#{peptidaseunit:201-379}~sourceXP_382255~	5.5e-86	86.4	177
PNP56231.1	MER0354113-familyS12unassignedpeptidases(Hypocreavirens)[S12.UPW]#S12#{peptidaseunit:36-269}~sourceEHK19498~	3.7e-120	88.9	234
PNP56267.1	MER0038373-familyS33non-peptidasehomologues(Nocardiafarcinica)[S33.UNW]#S33#{peptidaseunit:1-325}~sourceYP_119793-1~	2e-17	35.2	122
PNP56272.1	MER0976811-subfamilyS8Aunassignedpeptidases(Cordycepsmilitaris)[S08.UPA]#S08A#{peptidaseunit:119-341}~sourceG3JBC8~	5.2e-77	66.2	225
PNP56287.1	MER0378941-gamma-glutamyltransferase({Schizosaccharomyces}-type)(Hypocreavirens)[T03.011]#T03#{peptidaseunit:30-552}~sourceEHK19442~	4.1e-261	86.8	523
PNP56308.1	MER0032486-familyM38unassignedpeptidases(Aspergillusoryzae)[M38.UPW]#M38#{peptidaseunit:16-389}~sourceAO070342000002~	3.1e-47	35.2	375
PNP56314.1	MER0065426-familyS33unassignedpeptidases(Gibberellazeae)[S33.UPW]#S33#{peptidaseunit:4-239}~sourceXP_383459~	1.5e-64	50.8	236
PNP56367.1	MER0060272-familyS33unassignedpeptidases(Gibberellazeae)[S33.UPW]#S33#{peptidaseunit:1-279}~sourceXP_381835~	3.6e-49	41.2	294
PNP56395.1	MER0214723-familyS9unassignedpeptidases(Spirosomalinguale)[S09.UPW]#S09X#{peptidaseunit:184-417}~sourceYP_003391302~	8.4e-18	37.7	146
PNP56412.1	MER0191638-subfamilyS8Aunassignedpeptidases(Botryotiniafuckeliana)[S08.UPA]#S08A#{peptidaseunit:164-630}~sourceXP_001549173~	1.1e-71	43.1	355
PNP56413.1	MER0968917-subfamilyS8Aunassignedpeptidases(Hypocreavirens)[S08.UPA]#S08A#{peptidaseunit:120-325,498-591}~sourceG9MK68~	7.6e-33	93	71
PNP56414.1	MER0174652-familyS33unassignedpeptidases(Gemmatimonasaurantiaca)[S33.UPW]#S33#{peptidaseunit:3-262}~sourceBAH40358~	4.5e-59	40.8	255
PNP56416.1	MER0306014-familyC45unassignedpeptidases(Aspergillusoryzae)[C45.UPW]#C45#{peptidaseunit:139-378}~sourceXP_003189651~	1.4e-44	43.2	234
PNP56449.1	MER1360781-familyA31non-peptidasehomologues(Thecamonastrahens)[A31.UNW]#A31#{peptidaseunit:181-256}~sourceXP_013753081~	8.5e-10	44.4	81
PNP56469.1	MER0125657-subfamilyC14Bunassignedpeptidases(Sclerotiniasclerotiorum)[C14.UPB]#C14B#{peptidaseunit:112-424}~sourceEDN95117~	2.7e-162	88.4	311
PNP56472.1	MER0429134-familyC12unassignedpeptidases(Trichodermaatroviride)[C12.UPW]#C12#{peptidaseunit:54-294}~sourceEHK43712~	9e-112	84.6	241
PNP56504.1	MER0975090-subfamilyS8Aunassignedpeptidases(Hypocreavirens)[S08.UPA]#S08A#{peptidaseunit:87-401}~sourceG9MN19~	2.2e-112	92.2	218
PNP56505.1	MER0975090-subfamilyS8Aunassignedpeptidases(Hypocreavirens)[S08.UPA]#S08A#{peptidaseunit:87-401}~sourceG9MN19~	7.5e-44	95.2	83
PNP56514.1	MER0154868-subfamilyM23Bnon-peptidasehomologues(Thermomicrobiumroseum)[M23.UNB]#M23B#{peptidaseunit:101-209}~sourceACM04489~	9.5e-06	58.1	43
PNP56522.1	MER0270164-Mername-AA305putativeubiquitinisopeptidase(Ailuropodamelanoleuca)[C19.089]#C19#{peptidaseunit:407-452}~sourceENSAMEP00000011234~	0.00048	41.2	51
PNP56595.1	MER0065244-familyS9non-peptidasehomologues(Gibberellazeae)[S09.UNW]#S09X#{peptidaseunit:123-428}~sourceXP_389275~	4.5e-133	68.6	331
PNP56598.1	MER1228557-subfamilyM14Aunassignedpeptidases(Trichodermaharzianum)[M14.UPA]#M14A#{peptidaseunit:120-420}~sourcePNP56598~	1.7e-174	100	301
PNP56607.1	MER0511150-familyS9unassignedpeptidases(Macrophominaphaseolina)[S09.UPW]#S09X#{peptidaseunit:92-456}~sourceEKG16763~	3.4e-119	57	365
PNP56619.1	MER0625479-familyS33unassignedpeptidases(Myceliophthorathermophila)[S33.UPW]#S33#{peptidaseunit:3-241}~sourceXP_003665125~	2.8e-89	64.9	239
PNP56622.1	MER0987640-subfamilyS8Anon-peptidasehomologues(Fonsecaeapedrosoi)[S08.UNA]#S08A#{peptidaseunit:729-975}~sourceA0A0D2F0H7~	8e-48	46.2	260
PNP56635.1	MER1127483-subfamilyA1Aunassignedpeptidases(Trichodermaharzianum)[A01.UPA]#A01A#{peptidaseunit:76-392}~sourceKKP05288~	1.4e-181	98.4	317
PNP56641.1	MER0413614-familyM41non-peptidasehomologues(Solanumlycopersicum)[M41.UNW]#M41#{peptidaseunit:392-556}~sourceSolyc08g082530~	9.6e-24	45.8	118
PNP56663.1	MER0431856-familyC19unassignedpeptidases(Trichodermaatroviride)[C19.UPW]#C19#{peptidaseunit:585-1198}~sourceEHK43906~	6.9e-275	79	615
PNP56705.1	MER0625108-familyS9unassignedpeptidases(Gibberellazeae)[S09.UPW]#S09X#{peptidaseunit:106-271}~sourceXP_390683~	3.6e-41	47	166
PNP56723.1	MER0209249-familyS9unassignedpeptidases(Verticilliumalbo)[S09.UPW]#S09X#{peptidaseunit:122-240}~sourceEEY23843~	9e-15	40	125
PNP56731.1	MER0988193-subfamilyS8Anon-peptidasehomologues(Metarhiziumbrunneum)[S08.UNA]#S08A#{peptidaseunit:656-892}~sourceA0A0B4HAW0~	1.8e-105	78.5	237
PNP56747.1	MER1363039-familyS33non-peptidasehomologues(Thecamonastrahens)[S33.UNW]#S33#{peptidaseunit:312-465}~sourceXP_013758825~	7.2e-34	44.8	154
PNP56771.1	MER0295850-familyC26non-peptidasehomologues(Nematostellavectensis)[C26.UNW]#C26#{peptidaseunit:61-329}~sourceXP_001621066~	4.6e-10	32.5	151
PNP56775.1	MER0032861-amidophosphoribosyltransferaseprecursor(Magnaporthegrisea)[C44.001]#C44#{peptidaseunit:2-259}~sourceMG04618_4~	4e-85	76.6	209
PNP56794.1	MER0208814-familyS33unassignedpeptidases(Gibberellazeae)[S33.UPW]#S33#{peptidaseunit:15-284}~sourceXP_383848~	7.5e-27	37.2	250
PNP56812.1	MER1177284-familyG1unassignedpeptidases(Trichodermaguizhouense)[G01.UPW]#G01#{peptidaseunit:59-264}~sourceOPB46292~	7.4e-107	98.5	206
PNP56814.1	MER0511270-familyS9unassignedpeptidases(Macrophominaphaseolina)[S09.UPW]#S09X#{peptidaseunit:84-303}~sourceEKG22371~	3.1e-67	52.3	218
PNP56816.1	MER0035008-familyC56non-peptidasehomologues(Gibberellazeae)[C56.UNW]#C56#{peptidaseunit:77-183}~sourceXP_383129~	2.4e-40	68.2	107
PNP56851.1	MER0231598-familyS9unassignedpeptidases(Desulfovibrioaespoeensis)[S09.UPW]#S09X#{peptidaseunit:47-291}~sourceYP_004120894~	2.1e-39	38.6	228
PNP56869.1	MER1065333-grifolisin(Hypocreavirens)[S53.010]#S53#{peptidaseunit:214-607}~sourceG9NBT2~	3e-223	94.2	394
PNP56871.1	MER0314866-aorsin(Hypocreavirens)[S53.007]#S53#{peptidaseunit:218-635}~sourceEHK16283~	6.5e-234	96.4	417
PNP56873.1	MER0064675-familyS33unassignedpeptidases(Gibberellazeae)[S33.UPW]#S33#{peptidaseunit:5-231}~sourceXP_390262~	1.6e-43	38	245
PNP56900.1	MER0760805-peptidaseBinhibitor(fungus)(Torrubiellahemipterigena)[I09.003]#I09#{inhibitorunit:25-93}~sourceA0A0A1TR44~	2.7e-11	78.9	38
PNP56915.1	MER0905425-subfamilyM67Anon-peptidasehomologues(Villosiclavavirens)[M67.UNA]#M67A#{peptidaseunit:13-145}~sourceA0A0E9KQ59~	6.1e-69	95.5	133
PNP56971.1	MER1073108-subfamilyS49Cnon-peptidasehomologues(Deferribacterdesulfuricans)[S49.UNC]#S49C#{peptidaseunit:109-219}~sourceD3P9A0~	2.4e-17	46.3	108
PNP56980.1	MER0848179-subfamilyM20Aunassignedpeptidases(Bionectriaochroleuca)[M20.UPA]#M20A#{peptidaseunit:405-775}~sourceA0A0B7K4P1~	6e-146	65.7	370
PNP56987.1	MER0032867-familyC56non-peptidasehomologues(Magnaporthegrisea)[C56.UNW]#C56#{peptidaseunit:98-227}~sourceMG01679_4~	4.3e-30	50.4	131
PNP57009.1	MER1050180-subfamilyS26Aunassignedpeptidases(Metarhiziumalbum)[S26.UPA]#S26A#{peptidaseunit:27-163}~sourceA0A0B2WK04~	3.5e-62	75.7	136
PNP57017.1	MER0784260-familyI51unassignedpeptidaseinhibitors(Hypocreavirens)[I51.UPW]#I51#{inhibitorunit:232-375}~sourceG9MZQ8~	4.4e-72	92.4	144
PNP57057.1	MER0295850-familyC26non-peptidasehomologues(Nematostellavectensis)[C26.UNW]#C26#{peptidaseunit:61-329}~sourceXP_001621066~	1.2e-05	33.7	83
PNP57082.1	MER0307478-ornithineacetyltransferaseprecursor(Hypocreavirens)[T05.001]#T05#{peptidaseunit:216-447}~sourceEHK20048~	3.9e-124	98.3	232
PNP57101.1	MER0057653-subfamilyS9Cunassignedpeptidases(Synechococcuselongatus)[S09.UPC]#S09C#{peptidaseunit:258-487}~sourceYP_399044~	4.6e-05	41.9	62
PNP57134.1	MER0470378-proteasomesubunitbeta2c(Trichodermaatroviride)[T01.011]#T01A#{peptidaseunit:30-231}~sourceEHK40986~	1.3e-111	96.5	202
PNP57144.1	MER0158050-familyS9non-peptidasehomologues(Dipodomysordii)[S09.UNW]#S09X#{peptidaseunit:54-305}~sourceENSDORP00000014784~	7.2e-05	24.7	223
PNP57173.1	MER0033308-hypotheticalORFYnl320wp({Saccharomycescerevisiae})(Neurosporacrassa)[S09.A35]#S09X#{peptidaseunit:1-313}~sourceQ7SDX9~	2.7e-128	72.1	297
PNP57218.1	MER0239889-familyS33unassignedpeptidases(Stigmatellaaurantiaca)[S33.UPW]#S33#{peptidaseunit:2-272}~sourceYP_003957002~	9.1e-41	42	250
PNP57221.1	MER0305119-acidprolylendopeptidase({Aspergillus}sp.)(Hypocreavirens)[S28.004]#S28#{peptidaseunit:27-521}~sourceEHK26774~	3.2e-272	89.7	495
PNP57225.1	MER0209306-familyS33non-peptidasehomologues(Talaromycesstipitatus)[S33.UNW]#S33#{peptidaseunit:20-280}~sourceXP_002486337~	3.3e-87	56.5	262
PNP57262.1	MER0972305-subfamilyS8Aunassignedpeptidases(Trichodermaatroviride)[S08.UPA]#S08A#{peptidaseunit:165-353,518-625}~sourceG9PA06~	1.8e-134	58.8	461
PNP57264.1	MER0032162-familyS33unassignedpeptidases(Emericellanidulans)[S33.UPW]#S33#{peptidaseunit:66-613}~sourceEAA67120~	3e-71	32.3	558
PNP57387.1	MER0316837-BapFpeptidase({Pseudomonas}sp.)(Hypocreavirens)[P01.003]#P01#{peptidaseunit:262-392}~sourceEHK18591~	1.3e-62	91.6	131
PNP57394.1	MER0212696-familyS9unassignedpeptidases(Podosporaanserina)[S09.UPW]#S09X#{peptidaseunit:131-240}~sourceCAP65498~	5.4e-07	31.1	119
PNP57427.1	MER0898954-familyM54unassignedpeptidases(Hypocreavirens)[M54.UPW]#M54#{peptidaseunit:227-413}~sourceG9N4K2~	3.3e-86	80.2	187
PNP57429.1	MER0032561-familyS9unassignedpeptidases(Aspergillusoryzae)[S09.UPW]#S09X#{peptidaseunit:96-454}~sourceAO070240000026~	9.8e-77	44.7	358
PNP57440.1	MER0064533-familyS33non-peptidasehomologues(Gibberellazeae)[S33.UNW]#S33#{peptidaseunit:41-324}~sourceXP_391537~	3.5e-08	81.2	32
PNP57441.1	MER0985130-subfamilyS8Aunassignedpeptidases(Hypocreavirens)[S08.UPA]#S08A#{peptidaseunit:159-355,504-611}~sourceG9N4L8~	7.6e-90	52.1	378
PNP57442.1	MER0985130-subfamilyS8Aunassignedpeptidases(Hypocreavirens)[S08.UPA]#S08A#{peptidaseunit:159-355,504-611}~sourceG9N4L8~	2.2e-33	90.3	72
PNP57444.1	MER0130181-familyS33non-peptidasehomologues(Streptosporangiumroseum)[S33.UNW]#S33#{peptidaseunit:44-355}~sourceGEBA2500481680~	3.4e-30	33.3	255
PNP57449.1	MER0148114-familyS9non-peptidasehomologues(Cionaintestinalis)[S09.UNW]#S09X#{peptidaseunit:166-331}~sourceENSCINP00000002161~	4e-06	36.9	103
PNP57469.1	MER0115129-familyC26unassignedpeptidases(Shewanellapealeana)[C26.UPW]#C26#{peptidaseunit:1027-1276}~sourceABV86644~	1.4e-80	57.4	249
PNP57481.1	MER0501945-familyU32unassignedpeptidases(Chthonomonascalidirosea)[U32.UPW]#U32#{peptidaseunit:148-232}~sourceYP_008089209~	4.4e-09	42.5	87
PNP57489.1	MER0317575-familyM81unassignedpeptidases(Hypocreavirens)[M81.UPW]#M81#{peptidaseunit:3-484}~sourceEHK18487~	1.4e-279	97.3	482
PNP57523.1	MER0840744-subfamilyM20Dnon-peptidasehomologues(Exophialaxenobiotica)[M20.UND]#M20D#{peptidaseunit:37-370}~sourceA0A0D2E5H1~	7.6e-111	74.8	262
PNP57534.1	MER0380089-oxamateamidohydrolaseproenzyme({Klebsiellapneumonia})(Hypocreavirens)[T03.025]#T03#{peptidaseunit:26-559}~sourceEHK25786~	8.29999999999665e-313	97.6	533
PNP57537.1	MER0033379-familyM38unassignedpeptidases(Neurosporacrassa)[M38.UPW]#M38#{peptidaseunit:37-244}~sourceQ7SES4~	1.4e-18	47.9	96
PNP57538.1	MER0151446-familyM38non-peptidasehomologues(Rhodococcusjostii)[M38.UNW]#M38#{peptidaseunit:136-514}~sourceABG97383~	8.3e-84	44.4	385
PNP57539.1	MER0211072-familyS33unassignedpeptidases(Nectriahaematococca)[S33.UPW]#S33#{peptidaseunit:34-284}~sourceEEU40137~	7.6e-92	63.3	251
PNP57547.1	MER0214316-familyS33non-peptidasehomologues(Ustilagomaydis)[S33.UNW]#S33#{peptidaseunit:77-360}~sourceXP_758649~	2.7e-25	37.6	221
PNP57598.1	MER0209849-familyS9unassignedpeptidases(Sordariamacrospora)[S09.UPW]#S09X#{peptidaseunit:50-348}~sourceCBI61454~	8e-61	43.8	297
PNP57606.1	MER0625106-familyC19non-peptidasehomologues(Gibberellazeae)[C19.UNW]#C19#{peptidaseunit:4-304}~sourceXP_390545~	1.7e-57	86.1	303
PNP57638.1	MER1068763-grifolisin(Trichodermareesei)[S53.010]#S53#{peptidaseunit:192-578}~sourceA0A024RYB5~	5e-156	66.3	386
PNP57642.1	MER0483020-methionylaminopeptidase2(Trichodermaatroviride)[M24.002]#M24A#{peptidaseunit:114-440}~sourceEHK39543~	7.5e-181	96.3	327
PNP57655.1	MER0032527-subfamilyS9Bnon-peptidasehomologues(Aspergillusoryzae)[S09.UNB]#S09B#{peptidaseunit:20-283}~sourceAO070261000016~	2.6e-111	74.6	268
PNP57665.1	MER0803100-familyI87unassignedpeptidaseinhibitors(Hypocreavirens)[I87.UPW]#I87#{inhibitorunit:23-259}~sourceG9MJI1~	1.1e-121	98.3	237
PNP57680.1	MER0431850-familyC19unassignedpeptidases(Trichodermaatroviride)[C19.UPW]#C19#{peptidaseunit:415-784}~sourceEHK39591~	7.1e-194	87.3	394
PNP57689.1	MER0148915-familyS9non-peptidasehomologues(Cionaintestinalis)[S09.UNW]#S09X#{peptidaseunit:35-203}~sourceENSCINP00000012870~	1.5e-30	39.6	169
PNP57697.1	MER0064552-familyM38non-peptidasehomologues(Gibberellazeae)[M38.UNW]#M38#{peptidaseunit:60-392}~sourceXP_391334~	3.1e-114	56.2	336
PNP57709.1	MER0374737-familyM20Dunassignedpeptidases(Trichodermaatroviride)[M20.UPD]#M20D#{peptidaseunit:24-394}~sourceEHK39615~	2e-175	81.7	371
PNP57756.1	MER0148450-familyS9non-peptidasehomologues(Cionaintestinalis)[S09.UNW]#S09X#{peptidaseunit:30-221}~sourceENSCINP00000006964~	5.7e-05	22.8	167
PNP57769.1	MER0183521-familyS9non-peptidasehomologues(Ochotonaprinceps)[S09.UNW]#S09X#{peptidaseunit:183-407}~sourceENSOPRP00000001958~	5.9e-32	34.8	244
PNP57827.1	MER0136044-familyS9non-peptidasehomologues(Batrachochytriumdendrobatidis)[S09.UNW]#S09X#{peptidaseunit:29-201}~sourceBDEG_06799~	8e-53	56.7	180
PNP57832.1	MER1073240-subfamilyS49Cnon-peptidasehomologues(Acinetobacterbohemicus)[S49.UNC]#S49C#{peptidaseunit:84-212}~sourceN8Q6E4~	4.6e-33	59.8	122
PNP57842.1	MER0465061-familyT1unassignedpeptidases(Trichodermaatroviride)[T01.UPW]#T01X#{peptidaseunit:32-234}~sourceEHK41153~	5.8e-107	97.5	203
PNP57844.1	MER1148731-familyM79unassignedpeptidases(Trichobilharziaregenti)[M79.UPW]#M79#{peptidaseunit:34-95}~sourceTRE_0001023701~	3.4e-12	75.6	41
PNP57907.1	MER0625340-familyS9unassignedpeptidases(Myceliophthorathermophila)[S09.UPW]#S09X#{peptidaseunit:97-467}~sourceXP_003662539~	6.5e-140	62.5	373
PNP57917.1	MER0264995-familyM41non-peptidasehomologues(Takifugurubripes)[M41.UNW]#M41#{peptidaseunit:202-425}~sourceENSTRUP00000011081~	5.3e-14	36.9	149
PNP57974.1	MER1090549-subfamilyT1Anon-peptidasehomologues(Hypocreavirens)[T01.UNA]#T01A#{peptidaseunit:13-201}~sourceG9N9G1~	5.9e-106	100	187
PNP57998.1	MER0064647-proteasomesubunitalpha6(Gibberellazeae)[T01.971]#T01A#{peptidaseunit:34-246}~sourceXP_390431~	7.1e-107	89.7	213
PNP58002.1	MER0156666-familyS9non-peptidasehomologues(Dipodomysordii)[S09.UNW]#S09X#{peptidaseunit:42-157,234-286}~sourceENSDORP00000001632~	6.9e-30	30.8	253
PNP58022.1	MER0064696-subfamilyM24Bnon-peptidasehomologues(Gibberellazeae)[M24.UNB]#M24B#{peptidaseunit:173-421}~sourceXP_390216~	3.5e-128	88.8	249
PNP58028.1	MER0852342-subfamilyM20Funassignedpeptidases(Hypocreavirens)[M20.UPF]#M20F#{peptidaseunit:7-470}~sourceG9N9A3~	3.2e-270	96.6	464
PNP58057.1	MER0156586-familyS9non-peptidasehomologues(Dipodomysordii)[S09.UNW]#S09X#{peptidaseunit:18-176,276-311}~sourceENSDORP00000000182~	1.1e-27	29	297
PNP58079.1	MER0119691-familyS12unassignedpeptidases(Aspergillusterreus)[S12.UPW]#S12#{peptidaseunit:42-404}~sourceEAU36137~	1.2e-127	60.1	361
PNP58122.1	MER0137389-familyS9non-peptidasehomologues(Cionasavignyi)[S09.UNW]#S09X#{peptidaseunit:216-400}~sourceENSCSAVP00000003408~	2.1e-09	24.5	159
PNP58142.1	MER0135310-familyS9non-peptidasehomologues(Batrachochytriumdendrobatidis)[S09.UNW]#S09X#{peptidaseunit:241-408}~sourceBDEG_00552~	3.2e-10	27.8	176
PNP58197.1	MER1073108-subfamilyS49Cnon-peptidasehomologues(Deferribacterdesulfuricans)[S49.UNC]#S49C#{peptidaseunit:109-219}~sourceD3P9A0~	1.4e-12	40.4	94
PNP58204.1	MER1024917-familyS15non-peptidasehomologues(Cordycepsbassiana)[S15.UNW]#S15#{peptidaseunit:39-203}~sourceJ5J7G5~	1.9e-64	74.7	146
PNP58205.1	MER1024641-familyS15non-peptidasehomologues(Setosphaeriaturcica)[S15.UNW]#S15#{peptidaseunit:48-556}~sourceR0JJT1~	7.2e-47	50.6	178
PNP58209.1	MER1020242-familyS15non-peptidasehomologues(Exophialamesophila)[S15.UNW]#S15#{peptidaseunit:37-232}~sourceA0A0D1Y7E8~	6.8e-58	62.8	180
PNP58210.1	MER0408764-familyM20Dunassignedpeptidases(Macrophominaphaseolina)[M20.UPD]#M20D#{peptidaseunit:85-208}~sourceEKG11719~	0.00027	33.7	98
PNP58260.1	MER0625808-familyS9unassignedpeptidases(Thielaviaterrestris)[S09.UPW]#S09X#{peptidaseunit:97-505}~sourceXP_003654871~	1.1e-128	60.5	385
PNP58294.1	MER0990816-subfamilyS8Aunassignedpeptidases(Hypocreavirens)[S08.UPA]#S08A#{peptidaseunit:625-864}~sourceG9MS75~	1.9e-101	84.5	213
PNP58310.1	MER1144563-subfamilyA1Aunassignedpeptidases(Trichodermaharzianum)[A01.UPA]#A01A#{peptidaseunit:111-440}~sourcePNP58310~	7.8e-189	100	330
PNP58322.1	MER0446788-familyC26unassignedpeptidases(Fusariumoxysporum)[C26.UPW]#C26#{peptidaseunit:3-246}~sourceEGU76060~	2.6e-72	52.9	244
PNP58335.1	MER0285428-familyS33non-peptidasehomologues(Streptomycesbingchenggensis)[S33.UNW]#S33#{peptidaseunit:49-390}~sourceYP_004964907~	1e-24	31.3	217
PNP58346.1	MER0281239-familyS33unassignedpeptidases(Streptomycescattleya)[S33.UPW]#S33#{peptidaseunit:42-492}~sourceYP_004920394~	2.2e-40	28.8	469
PNP58364.1	MER0243771-familyM4unassignedpeptidases(Nectriahaematococca)[M04.UPW]#M04#{peptidaseunit:132-422}~sourceXP_003046215~	3.3e-117	67.3	284
PNP58369.1	MER0282806-subfamilyA11Aunassignedpeptidases(Tetrapisisporaphaffii)[A11.UPA]#A11A#{peptidaseunit:305-378}~sourceXP_003688225~	0.00082	47.8	46
PNP58465.1	MER0064738-familyM1non-peptidasehomologues(Gibberellazeae)[M01.UNW]#M01#{peptidaseunit:405-609}~sourceXP_389582~	8.9e-96	78.5	205
PNP58471.1	MER0064741-familyM28unassignedpeptidases(Gibberellazeae)[M28.UPW]#M28X#{peptidaseunit:47-354}~sourceXP_389577~	1.5e-129	66.1	316
PNP58473.1	MER0064746-familyS33unassignedpeptidases(Gibberellazeae)[S33.UPW]#S33#{peptidaseunit:50-339}~sourceXP_389574~	7e-98	58.7	293
PNP58476.1	MER0625083-subfamilyS9Cnon-peptidasehomologues(Gibberellazeae)[S09.UNC]#S09C#{peptidaseunit:78-314}~sourceXP_389572~	8.5e-74	71.2	184
PNP58488.1	MER0080921-subfamilyS8Aunassignedpeptidases(Trichodermaharzianum)[S08.UPA]#S08A#{peptidaseunit:139-433}~sourceABK64119~	3.5e-146	94.2	295
PNP58514.1	MER0298003-familyS12unassignedpeptidases(Hypocreavirens)[S12.UPW]#S12#{peptidaseunit:1-307}~sourceEHK25349~	1.1e-154	83.5	321
PNP58568.1	MER0921929-subfamilyM16Bunassignedpeptidases(Villosiclavavirens)[M16.UPB]#M16B#{peptidaseunit:44-428}~sourceA0A063BRP1~	1.1e-198	90.6	385
PNP58609.1	MER0069149-iRhom1(Monodelphisdomestica)[S54.952]#S54#{peptidaseunit:405-857}~sourceENSMODP00000020743~	1.9e-05	59	39
PNP58626.1	MER0159213-familyS9non-peptidasehomologues(Nostocsp.PCC7120)[S09.UNW]#S09X#{peptidaseunit:561-799}~sourceBAB78274~	0.00017	32.9	76
PNP58642.1	MER0195815-ALTEREDMERISTEMPROGRAM1-likepeptidase(Hypocreavirens)[M28.007]#M28B#{peptidaseunit:326-600}~sourceEHK25219~	1.8e-156	96.7	269
PNP58682.1	MER1362079-familyC19non-peptidasehomologues(Thecamonastrahens)[C19.UNW]#C19#{peptidaseunit:159-201}~sourceXP_013756143~	2.8e-06	53.5	43
PNP58703.1	MER1072501-subfamilyS49Cnon-peptidasehomologues(Burkholderiasp.lig30)[S49.UNC]#S49C#{peptidaseunit:86-230}~sourceA0A063BGW6~	0.00016	33.3	108
PNP58716.1	MER0859586-familyM38non-peptidasehomologues(Gaeumannomycesgraminis)[M38.UNW]#M38#{peptidaseunit:350-825}~sourceJ3P2Q9~	2.1e-240	84.7	476
PNP58750.1	MER0382286-subfamilyM14Aunassignedpeptidases(Trichodermareesei)[M14.UPA]#M14A#{peptidaseunit:62-433}~sourceEGR48337~	3.1e-182	84.9	372
PNP58754.1	MER0511362-acetylcholinesterase(Macrophominaphaseolina)[S09.979]#S09X#{peptidaseunit:117-262}~sourceEKG12322~	1.6e-21	67.9	78
PNP58816.1	MER0204284-familyS33non-peptidasehomologues(Caulobactersegnis)[S33.UNW]#S33#{peptidaseunit:12-287}~sourceADG08976~	1.1e-82	53.3	274
PNP58901.1	MER0064133-highlysimilartoacyl-proteinthioesterase1({Homosapiens})(Gibberellazeae)[S09.941]#S09X#{peptidaseunit:103-214}~sourceXP_386580~	1.8e-20	40.5	111
PNP58904.1	MER0444080-GMPsynthase(Nectriahaematococca)[C26.957]#C26#{peptidaseunit:1-254}~sourceXP_003041897~	4.1e-12	82.9	41
PNP58905.1	MER0441432-GMPsynthase(Trichodermaatroviride)[C26.957]#C26#{peptidaseunit:8-244}~sourceEHK48869~	9.8e-30	85.9	71
PNP58919.1	MER0903270-familyM61non-peptidasehomologues(Grosmanniaclavigera)[M61.UNW]#M61#{peptidaseunit:214-483}~sourceF0XCU4~	2.5e-35	30.8	266
PNP58920.1	MER0279653-subfamilyC14Bunassignedpeptidases(Trichodermareesei)[C14.UPB]#C14B#{peptidaseunit:1-316}~sourceEGR46784~	8.2e-167	93.5	310
PNP58964.1	MER0987386-subfamilyS8Aunassignedpeptidases(Grosmanniaclavigera)[S08.UPA]#S08A#{peptidaseunit:384-606}~sourceF0XET7~	7.4e-37	49.1	175
PNP58967.1	MER1073240-subfamilyS49Cnon-peptidasehomologues(Acinetobacterbohemicus)[S49.UNC]#S49C#{peptidaseunit:84-212}~sourceN8Q6E4~	1.9e-22	46.5	127
PNP58985.1	MER0212961-homoserineacetyltransferase({Saccharomycescerevisiae})(Nectriahaematococca)[S33.A41]#S33#{peptidaseunit:25-470}~sourceEEU43165~	2.5e-222	85.1	451
PNP58997.1	MER0216173-familyS9non-peptidasehomologues(Aspergillusfumigatus)[S09.UNW]#S09X#{peptidaseunit:45-246}~sourceXP_751945~	1.8e-21	34.6	211
PNP59011.1	MER0131793-familyS9unassignedpeptidases(Nakamurellamultipartita)[S09.UPW]#S09X#{peptidaseunit:53-320}~sourceGEBA2500706196~	1.6e-66	44.7	262
PNP59034.1	MER0447929-familyC26unassignedpeptidases(Fusariumoxysporum)[C26.UPW]#C26#{peptidaseunit:5-241}~sourceEGU87471~	4.4e-99	67.9	240
PNP59051.1	MER0068258-familyS9non-peptidasehomologues(Pseudomonasfluorescens)[S09.UNW]#S09X#{peptidaseunit:21-286}~sourceYP_259486~	1.3e-102	68	266
PNP59052.1	MER0128980-familyS9non-peptidasehomologues(Tsukamurellapaurometabola)[S09.UNW]#S09X#{peptidaseunit:13-302}~sourceGEBA2500611939~	4e-79	57.8	270
PNP59054.1	MER0032561-familyS9unassignedpeptidases(Aspergillusoryzae)[S09.UPW]#S09X#{peptidaseunit:96-454}~sourceAO070240000026~	1.7e-84	47.9	357
PNP59057.1	MER0064110-S-formylglutathionehydrolaseFrmB({Escherichicoli})(Gibberellazeae)[S09.940]#S09B#{peptidaseunit:12-282}~sourceXP_386857~	6.6e-125	75.6	271
PNP59103.1	MER0977388-subfamilyS8Anon-peptidasehomologues(Caproniasemiimmersa)[S08.UNA]#S08A#{peptidaseunit:726-959}~sourceA0A0D2CPG5~	6.7e-51	52.4	229
PNP59129.1	MER0349865-carboxypeptidaseOcpB(Hypocreavirens)[S10.016]#S10#{peptidaseunit:40-522}~sourceEHK20711~	1.7e-295	98.1	483
PNP59150.1	MER0156555-familyS9non-peptidasehomologues(Dipodomysordii)[S09.UNW]#S09X#{peptidaseunit:64-255}~sourceENSDORP00000015525~	9.5e-55	51.3	193
PNP59181.1	MER0384250-subfamilyA1Aunassignedpeptidases(Trichodermareesei)[A01.UPA]#A01A#{peptidaseunit:18-361}~sourceEGR44871~	2.1e-162	78.5	335
PNP59187.1	MER0229183-familyM38non-peptidasehomologues(Filobasidiellaneoformans)[M38.UNW]#M38#{peptidaseunit:56-499}~sourceXP_572724~	4.6e-207	76.3	448
PNP59201.1	MER1073766-aorsin(Hypocreavirens)[S53.007]#S53#{peptidaseunit:206-679}~sourceG9MY16~	3.8e-272	94.1	472
PNP59205.1	MER0224069-familyS33unassignedpeptidases(Burkholderiasp.CCGE1003)[S33.UPW]#S33#{peptidaseunit:10-248}~sourceYP_003911031~	6e-38	36.5	241
PNP59206.1	MER0037264-familyS33non-peptidasehomologues(Rhodococcussp.)[S33.UNW]#S33#{peptidaseunit:32-291}~sourceDHAA_RHOSD~	3.3e-73	54.5	244
PNP59207.1	MER1175891-familyG1non-peptidasehomologues(Trichodermaharzianum)[G01.UNW]#G01#{peptidaseunit:54-242}~sourcePNP59207~	5.8e-90	96.8	189
PNP59253.1	MER1010462-familyS12unassignedpeptidases(Hypocreavirens)[S12.UPW]#S12#{peptidaseunit:16-278}~sourceG9MV47~	6.1e-79	88.8	160
PNP59256.1	MER0032992-familyC44non-peptidasehomologues(Magnaporthegrisea)[C44.UNW]#C44#{peptidaseunit:13-392}~sourceMG08450_4~	1.4e-85	46.6	341
PNP59261.1	MER0060264-familyS33non-peptidasehomologues(Gibberellazeae)[S33.UNW]#S33#{peptidaseunit:60-391}~sourceXP_381941~	1.8e-40	48.7	158
PNP59279.1	MER0167059-Mername-AA063peptidase(Trichodermaharzianum)[M28.006]#M28E#{peptidaseunit:132-387}~sourceCAL25573~	1.3e-147	99.2	256
PNP59345.1	MER0412697-familyM41non-peptidasehomologues(Solanumtuberosum)[M41.UNW]#M41#{peptidaseunit:385-549}~sourcePGSC0003DMP400021722~	1.5e-22	42.9	126
PNP59356.1	MER0149637-familyS9non-peptidasehomologues(Cionaintestinalis)[S09.UNW]#S09X#{peptidaseunit:86-307}~sourceENSCINP00000021693~	0.00042	30.4	92
PNP59365.1	MER0378848-gamma-glutamyltransferase({Schizosaccharomyces}-type)(Hypocreavirens)[T03.011]#T03#{peptidaseunit:48-579}~sourceEHK26617~	2.4e-299	94.2	532
PNP59369.1	MER1096148-taspase-1(Hypocreavirens)[T02.004]#T02#{peptidaseunit:47-406}~sourceG9MGG5~	1.1e-164	70.7	454
PNP59414.1	MER0029997-cytosolicepoxidehydrolase(Homosapiens)[S33.973]#S33#{peptidaseunit:1-287}~sourceBC007708~	1.5e-15	27.8	273
PNP59487.1	MER0269263-paraplegin(Ailuropodamelanoleuca)[M41.006]#M41#{peptidaseunit:287-406,474-600}~sourceENSAMEP00000001154~	7e-10	33.3	117
PNP59505.1	MER1091629-subfamilyT1Anon-peptidasehomologues(Hypocreavirens)[T01.UNA]#T01A#{peptidaseunit:43-258}~sourceG9MG19~	2.4e-116	99.5	204
PNP59568.1	MER0278187-familyM41non-peptidasehomologues(Glossinamorsitans)[M41.UNW]#M41#{peptidaseunit:240-464}~sourceTMP013082-PA~	2.6e-24	47.2	125
PNP59592.1	MER0499558-familyS9unassignedpeptidases(Arthrospiraplatensis)[S09.UPW]#S09X#{peptidaseunit:67-285}~sourceYP_005068995~	1.2e-05	31.9	119
PNP59607.1	MER0421115-familyS12unassignedpeptidases(Trichodermaatroviride)[S12.UPW]#S12#{peptidaseunit:11-359}~sourceEHK44873~	9.7e-86	72.7	198
PNP59608.1	MER0421115-familyS12unassignedpeptidases(Trichodermaatroviride)[S12.UPW]#S12#{peptidaseunit:11-359}~sourceEHK44873~	5.7e-46	82	111
PNP59622.1	MER0383470-PepAapeptidase(Hypocreavirens)[A01.079]#A01A#{peptidaseunit:125-438}~sourceEHK27015~	7.5e-172	95.9	314
PNP59625.1	MER1069374-familyS53non-peptidasehomologues(Hypocreavirens)[S53.UNW]#S53#{peptidaseunit:179-561}~sourceG9MF51~	9.7e-200	88.3	383
PNP59719.1	MER0989568-subfamilyS8Anon-peptidasehomologues(Torrubiellahemipterigena)[S08.UNA]#S08A#{peptidaseunit:664-919}~sourceA0A0A1SP41~	2.9e-35	39	259
PNP59729.1	MER0500472-familyM79unassignedpeptidases(Listeriamonocytogenes)[M79.UPW]#M79#{peptidaseunit:37-103}~sourceYP_007602758~	8.6e-10	59.3	59
PNP59738.1	MER0167067-PoSl({Pleurotusostreatus})-typepeptidase(Trichodermaharzianum)[S08.139]#S08A#{peptidaseunit:131-354,456-595}~sourceCAL25578~	2.1e-190	75.3	465
PNP59743.1	MER0480354-YFR006Wg.p.({Saccharomycescerevisiae})(Trichodermaatroviride)[M24.A09]#M24B#{peptidaseunit:171-457}~sourceEHK41626~	1.1e-140	85	287
PNP59747.1	MER0242282-familyC13unassignedpeptidases(Blastocystishominis)[C13.UPW]#C13#{peptidaseunit:18-252}~sourceCBK22329~	3.5e-11	66.7	54
PNP59766.1	MER0668163-subfamilyM28Funassignedpeptidases(Trichodermaharzianum)[M28.UPF]#M28F#{peptidaseunit:177-426}~sourcePNP59766~	1.8e-143	100	250
PNP59774.1	MER0231449-familyC56non-peptidasehomologues(Methanocellaarvoryzae)[C56.UNW]#C56#{peptidaseunit:549-686}~sourceYP_685350~	6.9e-14	35.9	142
PNP59786.1	MER0156123-familyS9non-peptidasehomologues(Dipodomysordii)[S09.UNW]#S09X#{peptidaseunit:444-713}~sourceENSDORP00000005058~	7.9e-13	27.8	270
PNP59807.1	MER0275595-aminopeptidaseY(Trichodermareesei)[M28.001]#M28A#{peptidaseunit:245-490}~sourceEGR45673~	1.1e-135	95.1	246
PNP59811.1	MER0032477-familyM38unassignedpeptidases(Aspergillusoryzae)[M38.UPW]#M38#{peptidaseunit:64-437}~sourceAO070257000044~	1.1e-134	63.6	363
PNP59813.1	MER0379541-oxamateamidohydrolaseproenzyme({Klebsiellapneumonia})(Hypocreavirens)[T03.025]#T03#{peptidaseunit:38-571}~sourceEHK15254~	1.8e-294	91	534
PNP59817.1	MER0348145-subfamilyC2Aunassignedpeptidases(Trichodermareesei)[C02.UPA]#C02A#{peptidaseunit:156-432}~sourceEGR45726~	2.7e-161	96.4	277
PNP59838.1	MER0163428-familyP01unassignedpeptidases(Brevibacillusbrevis)[P01.UPW]#P01#{peptidaseunit:19-325}~sourceBAH44124~	1.5e-55	38.7	344
PNP60021.1	MER0496070-subfamilyA1Anon-peptidasehomologues(Hypocreavirens)[A01.UNA]#A01A#{peptidaseunit:8-347}~sourceEHK24014~	2.1e-187	97.4	340
PNP60023.1	MER0212956-familyS33unassignedpeptidases(Aspergillusterreus)[S33.UPW]#S33#{peptidaseunit:10-293}~sourceXP_001208425~	7.5e-41	40.9	257
PNP60039.1	MER0348177-subfamilyC2Aunassignedpeptidases(Hypocreavirens)[C02.UPA]#C02A#{peptidaseunit:135-408}~sourceEHK24004~	2e-159	98.9	274
PNP60042.1	MER0135303-familyS9non-peptidasehomologues(Batrachochytriumdendrobatidis)[S09.UNW]#S09X#{peptidaseunit:110-281}~sourceBDEG_00896~	1.3e-10	22.6	199
PNP60055.1	MER0195833-familyN11unassignedpeptidelyases()[N11.UPW]#N11#{peptidaseunit:944-1048}~sourceYP_003970177~	6.4e-23	48.6	105
PNP60062.1	MER0093089-familyS33unassignedpeptidases(Aspergillusniger)[S33.UPW]#S33#{peptidaseunit:69-561}~sourceCAK41306~	6.3e-67	32.3	561
PNP60077.1	MER0424902-subfamilyS8Aunassignedpeptidases(Rhizopusdelemar)[S08.UPA]#S08A#{peptidaseunit:120-511}~sourceEIE87526~	2.3e-05	39.8	88
PNP60107.1	MER0713958-familyC19non-peptidasehomologues(Hypocreavirens)[C19.UNW]#C19#{peptidaseunit:577-919}~sourceG9MPY6~	8.4e-207	99.1	343
PNP60146.1	MER0032143-familyS33unassignedpeptidases(Emericellanidulans)[S33.UPW]#S33#{peptidaseunit:58-393}~sourceEAA59869~	3.4e-85	48.5	340
PNP60151.1	MER0213186-familyS9non-peptidasehomologues(Aspergillusniger)[S09.UNW]#S09X#{peptidaseunit:122-450}~sourceXP_001394739~	6.1e-102	57	335
PNP60156.1	MER1360781-familyA31non-peptidasehomologues(Thecamonastrahens)[A31.UNW]#A31#{peptidaseunit:181-256}~sourceXP_013753081~	1.6e-10	42.1	76
PNP60182.1	MER0064675-familyS33unassignedpeptidases(Gibberellazeae)[S33.UPW]#S33#{peptidaseunit:5-231}~sourceXP_390262~	8.3e-26	33.6	238
PNP60190.1	MER0065297-familyM38non-peptidasehomologues(Gibberellazeae)[M38.UNW]#M38#{peptidaseunit:57-408}~sourceXP_388572~	1.1e-160	76.4	352
PNP60192.1	MER0277988-krakenprotein({Drosophilamelanogaster})(Glossinamorsitans)[S33.A81]#S33#{peptidaseunit:74-327}~sourceTMP007252-PA~	7.6e-06	49	49
PNP60235.1	MER0156132-familyS9non-peptidasehomologues(Dipodomysordii)[S09.UNW]#S09X#{peptidaseunit:208-313}~sourceENSDORP00000005211~	3.3e-30	53.8	104
PNP60242.1	MER0064583-familyM38non-peptidasehomologues(Gibberellazeae)[M38.UNW]#M38#{peptidaseunit:74-462}~sourceXP_391110~	1.1e-186	80.5	389
PNP60254.1	MER0064227-familyS9unassignedpeptidases(Gibberellazeae)[S09.UPW]#S09X#{peptidaseunit:74-333}~sourceXP_384897~	2.5e-102	67.4	258
PNP60298.1	MER0331139-sst2g.p.({Schizosaccharomycespombe})(Hypocreavirens)[M67.A14]#M67C#{peptidaseunit:353-474}~sourceEHK23756~	4.2e-68	99.2	122
PNP60300.1	MER0412267-familyM41non-peptidasehomologues(Nicotianabenthamiana)[M41.UNW]#M41#{peptidaseunit:314-497}~sourceNbS00029173g0008~	1.8e-17	43.2	125
PNP60360.1	MER1005478-familyS12unassignedpeptidases(Hypocreavirens)[S12.UPW]#S12#{peptidaseunit:57-382}~sourceG9MP95~	1.1e-173	87.4	326
PNP60371.1	MER0330947-nup189({Schizosaccharomycespombe})(Hypocreavirens)[S59.A07]#S59#{peptidaseunit:886-1036}~sourceEHK23686~	2.6e-79	95.4	151
PNP60386.1	MER0605028-familyC19non-peptidasehomologues(Neurosporacrassa)[C19.UNW]#C19#{peptidaseunit:795-1200}~sourceXP_960418~	2.5e-127	55.8	405
PNP60416.1	MER0396592-SPBC4F6.19cg.p.({Schizosaccharomycespombe})(Hypocreavirens)[M24.A11]#M24B#{peptidaseunit:186-416}~sourceEHK23639~	2.4e-122	93.5	231
PNP60437.1	MER0109473-deuterolysin(Trichodermaharzianum)[M35.002]#M35#{peptidaseunit:173-347}~sourceCAL25576~	2.8e-53	96	175
PNP60439.1	MER0296885-familyS10unassignedpeptidases(Trichodermareesei)[S10.UPW]#S10#{peptidaseunit:1-419}~sourceEGR49229~	6.1e-214	80.3	426
PNP60463.1	MER0987782-subfamilyS8Aunassignedpeptidases(Trichodermaatroviride)[S08.UPA]#S08A#{peptidaseunit:561-811}~sourceG9NGB8~	8.9e-93	72	246
PNP60470.1	MER1363300-familyS54non-peptidasehomologues(Thecamonastrahens)[S54.UNW]#S54#{peptidaseunit:124-238}~sourceXP_013759534~	1.2e-06	35.1	97
PNP60530.1	MER0065250-familyC56non-peptidasehomologues(Gibberellazeae)[C56.UNW]#C56#{peptidaseunit:41-192}~sourceXP_389155~	3.9e-59	73.7	152
PNP60540.1	MER1171317-familyC12non-peptidasehomologues(Trichodermaharzianum)[C12.UNW]#C12#{peptidaseunit:18-248}~sourcePNP60540~	3.2e-131	100	231
PNP60564.1	MER0032698-familyS33unassignedpeptidases(Aspergillusfumigatus)[S33.UPW]#S33#{peptidaseunit:60-384}~sourceXP_747148~	1.8e-89	54.8	305
PNP60568.1	MER0136068-familyS9non-peptidasehomologues(Batrachochytriumdendrobatidis)[S09.UNW]#S09X#{peptidaseunit:154-289}~sourceBDEG_07387~	1.6e-06	27.2	136
PNP60571.1	MER0384193-PepAcpeptidase(Hypocreavirens)[A01.081]#A01A#{peptidaseunit:128-445}~sourceEHK18695~	3.2e-190	97.8	318
