MDS1	MDS2	cazy_base	cazy_description
0.03551053469732305	-0.01795396551065044	AA1	Laccase / p-diphenol:oxygen oxidoreductase / ferroxidase (EC 1.10.3.2); ; ferroxidase (EC 1.10.3.-); Laccase-like multicopper oxidase (EC 1.10.3.-)
0.03551053469732305	-0.01795396551065044	AA1_2	NA
0.03551053469732305	-0.01795396551065044	AA1_3	NA
0.07969922403511785	-0.0053155984034866195	AA11	AA11 proteins are copper-dependent lytic polysaccharide monooxygenases (LPMOs); cleavage of chitin chains with oxidation of C-1 has been demonstrated for a AA11 LPMO from Aspergillus oryzae;
-0.6256155335219531	-0.20146188797537617	AA12	The pyrroloquinoline quinone-dependent oxidoreductase activity was demonstrated for the CC1G_09525 protein of Coprinopsis cinerea, (EC 1.-.-.-)
-0.3939478740234541	-1.0439626529400168	AA13	AA13 proteins are copper-dependent lytic polysaccharide monooxygenases (LPMOs); cleavage of starch with oxidation of C-1 at the site of cleavage has been demonstrated for the LPMO encoded by gene NCU08746 from Neurospora crassa;
0.04106198194288702	0.015321200038015738	AA2	manganese peroxidase (EC 1.11.1.13); versatile peroxidase (EC 1.11.1.16); lignin peroxidase (EC 1.11.1.14); peroxidase (EC 1.11.1.-)
-0.14499572392413335	-0.013131136311328385	AA3	cellobiose dehydrogenase (EC 1.1.99.18); glucose 1-oxidase (EC 1.1.3.4); aryl alcohol oxidase (EC 1.1.3.7); alcohol oxidase (EC 1.1.3.13); pyranose oxidase (EC 1.1.3.10); pyranose dehydrogenase (EC 1.1.99.29)
-0.14499572392413335	-0.013131136311328385	AA3_2	NA
-0.14499572392413335	-0.013131136311328385	AA3_3	NA
-0.3313001238406198	-0.09084456769649057	AA4	vanillyl-alcohol oxidase (EC 1.1.3.38)
-0.09906210863595509	0.0328078071179725	AA5	Oxidase with oxygen as acceptor (EC 1.1.3.-); galactose oxidase (EC 1.1.3.9); glyoxal oxidase (EC 1.2.3.15); alcohol oxidase (EC 1.1.3.13)
-0.09906210863595509	0.0328078071179725	AA5_1	NA
0.15818824827830186	-0.0058984748357339516	AA6	1,4-benzoquinone reductase (EC. 1.6.5.6)
-0.14185505804067908	-0.02454569292359142	AA7	glucooligosaccharide oxidase (EC 1.1.3.-); chitooligosaccharide oxidase (EC 1.1.3.-)
-0.02940912708771055	-0.03064786651190622	AA8	Iron reductase domain
-0.30592357869390735	0.020130052683061336	AA9	AA9 (formerly GH61) proteins are copper-dependent lytic polysaccharide monooxygenases (LPMOs); cleavage of cellulose chains with oxidation of various carbons (C-1, C-4 and C-6) has been reported several times in the literature;
-0.12778287014805587	0.04936105030469512	CBM1	Modules of approx. 40 residues found almost exclusively in fungi. The cellulose-binding function has been demonstrated in many cases, and appears to be mediated by three aromatic residues separated by about 10.4 angstrom and which form a flat surface. The only non-fungal occurence of CBM1 is in an algal non-hydrolytic polysaccharide-binding protein which is composed of four repeated CBM1 modules. Binding to chitin has been demonstrated in one case.
-0.5661232715107489	0.1949507655568512	CBM13	Modules of approx. 150 residues which always appear as a threefold internal repeat. The only apparent exception to this, xylanase II of Actinomadura sp. FC7 (GenBank U08894), is in fact not completely sequenced. These modules were first identified in several plant lectins such as ricin or agglutinin of Ricinus communis which bind galactose residues. The three-dimensional structure of a plant lectin has been determined and displays a pseudo-threefold symmetry in accord with the observed sequence threefold repeat. These modules have since been found in a number of other proteins of various functions including glycoside hydrolases and glycosyltransferases. While in the plant lectins this module binds mannose, binding to xylan has been demonstrated in the Streptomyces lividans xylanase A and arabinofuranosidase B. Binding to GalNAc has been shown for the corresponding module of GalNAc transferase 4. For the other proteins, the binding specificity of these modules has not been established. The pseudo three-fold symmetry of the CBM13 module has now been confirmed in the 3-D structure of the intact, two-domain, xylanase of Streptomyces olivaceoviridis.
0.5467359972503343	0.05980782635839112	CBM14	Modules of approx. 70 residues. The chitin-binding function has been demonstrated in several cases. These modules are found attached to a number of chitinase catalytic domains, but also in non-catalytic proteins either in isolation or as multiple repeats; chitin binding (EC IIa.chitin)
0.48802886052784045	-0.16912710675355475	CBM16	Carbohydrate-binding module 16. Binding to cellulose and glucomannan demonstrated [B. Bae et al (2008) J Biol Chem. 283:12415-25 (PMID: 18025086)]
-0.018720002313503282	-0.03551008433382094	CBM18	Modules of approx. 40 residues. The chitin-binding function has been demonstrated in many cases. These modules are found attached to a number of chitinase catalytic domains, but also in non-catalytic proteins either in isolation or as multiple repeats.
-0.3939478740234541	-1.0439626529400168	CBM2	Modules of approx. 100 residues and which are found in a large number of bacterial enzymes. The cellulose-binding function has been demonstrated in many cases. Several of these modules have been shown to also bind chitin or xylan.
-0.07073250737867473	-0.0313493788552298	CBM20	The granular starch-binding function has been demonstrated in several cases. Interact strongly with cyclodextrins. Often designated as starch-binding domains (SBD).
0.15818824827830186	-0.0058984748357339516	CBM21	Modules of approx. 100 residues. The granular starch-binding function has been demonstrated in one case. Sometimes designated as starch-binding domains (SBD).
-0.7580179230513505	0.23259961097625909	CBM22	A xylan binding function has been demonstrated in several cases and affinity with mixed beta-1,3/beta-1,4-glucans in one. In several cases a thermostabilizing effect has also been seen.
-0.18926199520384163	-0.02935061412650167	CBM24	alpha-1,3-glucan (mutan)-binding function demonstrated in two cases (PMID:10636904)
-0.6199413068845627	-0.1492595486467708	CBM32	Binding to galactose and lactose has been demonstrated for the module of Micromonospora viridifaciens sialidase (PMID: 16239725). Binding to polygalacturonic acid has been shown for a Yersinia member (PMID: 17292916). Binding to LacNAc (beta-D-galactosyl-1,4-beta-D-N-acetylglucosamine) has been shown for an N-acetylglucosaminidase from Clostridium perfingens (PMID: 16990278).
-0.8037831042086278	0.4531196616874474	CBM35	Modules of approx. 130 residues. A module that is conserved in three Cellvibrio xylan-degrading enzymes binds to xylan and the interaction is calcium dependent, while a module from a Cellvibrio mannanase binds to decorated soluble mannans and mannooligosaccharides. A module in a
-0.8501908735093983	0.6767360307438541	CBM38	The inulin-binding function has been demonstrated in the case of the cycloinulo-oligosaccharide fructanotransferase from Paenibacillus macerans (Bacillus macerans) by Lee et al. (2004) FEMS Microbiol Lett 234:105-10. (PMID:15109727).
-0.489554569522263	0.09297646740095372	CBM42	Modules of approx. 160 residues found mostly at the C-terminus of GH54 catalytic domains. Binding to arabinofuranose (present in arabinoxylan) has been demonstrated.
-0.047660843154085655	0.012146034186922576	CBM43	Modules of approx. 90-100 residues found at the C-terminus of GH17 or GH72 enzymatic modules and also sometimes isolated. CBM43 modules sometimes carry a C-terminal membrane anchor. The beta-1,3-glucan binding function has been demonstrated with the olive pollen protein Ole e 10.
0.13626403009618285	9.429188556829124e-4	CBM48	Modules of approx. 100 residues with glycogen-binding function, appended to GH13 modules. Also found in the beta subunit (glycogen-binding) of AMP-activated protein kinases (AMPK)
-0.10885495137058872	-0.015912102253113382	CBM50	Modules of approx. 50 residues found attached to various enzymes from families GH18, GH19, GH23, GH24, GH25 and GH73, i.e. enzymes cleaving either chitin or peptidoglycan. Binding to chitopentaose demonstrated in the case of Pteris ryukyuensis chitinase A [Ohnuma T et al. (2008) J. Biol. Chem. 283:5178-87 (PMID: 18083709)]. CBM50 modules are also found in a multitude of other enzymes targeting the petidoglycan such as peptidases and amidases. These enzymes are not reported in the list below.
NaN	NaN	CBM56	beta-1,3-glucan binding function demonstrated by Yamamoto et al. (1998) FEBS Letters 433:41-43 [PMID: 9738929]
-0.8501908735093983	0.6767360307438541	CBM6	Modules of approx. 120 residues. The cellulose-binding function has been demonstrated in one case on amorphous cellulose and beta-1,4-xylan. Some of these modules also bind beta-1,3-glucan, beta-1,3-1,4-glucan, and beta-1,4-glucan.
-0.08126478040443458	-0.007967472726672743	CBM66	The CBM66 module, derived from the Bacillus subtilis exo-acting beta-fructosidase SacC, targets the terminal fructoside residue of fructans.
-0.8501908735093983	0.6767360307438541	CBM67	Fujimoto et al. [PMID : 23486481] disclosed the L-rhamnose binding activity and 3-D structure of the CBM67 of Streptomyces avermitilis alpha-L-rhamnosidase (SaRha78A);
NaN	NaN	CBM79	Modules of approx. 130 residues found so far only in ruminococcal proteins. Binding to various beta-glucans was shown for the R. flavefaciens GH9 enzyme.
-0.6953443452019273	-0.09864757567675274	CE0	See below.
-0.28905909625968856	-0.006741057076636517	CE1	acetyl xylan esterase (EC 3.1.1.72); cinnamoyl esterase (EC 3.1.1.-); feruloyl esterase (EC 3.1.1.73); carboxylesterase (EC 3.1.1.1); S-formylglutathione hydrolase (EC 3.1.2.12); diacylglycerol O-acyltransferase (EC 2.3.1.20); trehalose 6-O-mycolyltransferase (EC 2.3.1.122); acetylesterase (EC 3.1.1.6)
-0.11260350725798365	-0.02126718410975109	CE10	arylesterase (EC 3.1.1.-);  carboxyl esterase (EC 3.1.1.3); acetylcholinesterase (EC 3.1.1.7); cholinesterase (EC 3.1.1.8); sterol esterase (EC 3.1.1.13); brefeldin A esterase (EC 3.1.1.-).
0.49801777977978556	-0.04393713711817941	CE11	UDP-3-0-acyl N-acetylglucosamine deacetylase (EC 3.5.1.-).
-0.029967514857438583	-0.0015153412699788205	CE15	4-O-methyl-glucuronoyl methylesterase (EC 3.1.1.-)
-0.34247220223867286	-0.003096669211141918	CE16	acetylesterase (EC 3.1.1.6) active on various carbohydrate acetyl esters
-0.6268421661399423	-0.1801748352291724	CE2	acetyl xylan esterase (EC 3.1.1.72).
-0.385651024174421	-0.04872595814013929	CE3	acetyl xylan esterase (EC 3.1.1.72).
0.051077038901129884	2.604684411500532e-4	CE4	acetyl xylan esterase (EC 3.1.1.72);  chitin deacetylase (EC 3.5.1.41); chitooligosaccharide deacetylase (EC 3.5.1.-); peptidoglycan GlcNAc deacetylase (EC 3.5.1.-); peptidoglycan N-acetylmuramic acid deacetylase (EC 3.5.1.-).
0.01773457444909525	-0.016643907835695096	CE5	acetyl xylan esterase (EC 3.1.1.72); cutinase (EC 3.1.1.74); 1,4-beta-xylosidase (EC 3.2.1.37)
-0.7905802452187833	0.31855266650254027	CE8	pectin methylesterase (EC 3.1.1.11).
0.14842347890200389	0.013278347313008431	CE9	N-acetylglucosamine 6-phosphate deacetylase (EC 3.5.1.25); N-acetylglucosamine 6-phosphate deacetylase (EC 3.5.1.80)
0.13787563772252817	0.006817544786549714	GH0	Glycoside hydrolases not yet assigned to a family.
-0.15523391733349284	-0.03609360185844047	GH1	beta-glucosidase (EC 3.2.1.21); beta-galactosidase (EC 3.2.1.23); beta-mannosidase (EC 3.2.1.25); beta-glucuronidase (EC 3.2.1.31); beta-xylosidase (EC 3.2.1.37); beta-D-fucosidase (EC 3.2.1.38); phlorizin hydrolase (EC 3.2.1.62); exo-beta-1,4-glucanase (EC 3.2.1.74); 6-phospho-beta-galactosidase (EC 3.2.1.85); 6-phospho-beta-glucosidase (EC 3.2.1.86); strictosidine beta-glucosidase (EC 3.2.1.105); lactase (EC 3.2.1.108); amygdalin beta-glucosidase (EC 3.2.1.117); prunasin beta-glucosidase (EC 3.2.1.118); vicianin hydrolase (EC 3.2.1.119); raucaffricine beta-glucosidase (EC 3.2.1.125); thioglucosidase (EC 3.2.1.147); beta-primeverosidase (EC 3.2.1.149); isoflavonoid 7-O-beta-apiosyl-beta-glucosidase (EC 3.2.1.161); ABA-specific beta-glucosidase (EC 3.2.1.175); DIMBOA beta-glucosidase (EC 3.2.1.182); beta-glycosidase (EC 3.2.1.-); hydroxyisourate hydrolase (EC 3.-.-.-)
-0.7372119025919848	0.16593973806409698	GH10	endo-1,4-beta-xylanase (EC 3.2.1.8); endo-1,3-beta-xylanase (EC 3.2.1.32); tomatinase (EC 3.2.1.-); xylan endotransglycosylase (EC 2.4.2.-)
-0.6177399122269366	-0.1337398743429805	GH104	peptidoglycan lytic transglycosylase (EC 3.2.1.-)
-0.4780683468338206	-0.05285607562063731	GH105	unsaturated rhamnogalacturonyl hydrolase (EC 3.2.1.172); d-4,5-unsaturated beta-glucuronyl hydrolase (EC 3.2.1.-); d-4,5-unsaturated alpha-galacturonidase (EC 3.2.1.-)
-0.6874416763179838	0.029228449838634898	GH106	alpha-L-rhamnosidase (EC 3.2.1.40); rhamnogalacturonan alpha-L-rhamnohydrolase (EC 3.2.1.174)
NaN	NaN	GH108	N-acetylmuramidase (EC 3.2.1.17)
-0.20411851706514691	0.04791791811267321	GH11	endo-beta-1,4-xylanase (EC 3.2.1.8); endo-beta-1,3-xylanase (EC 3.2.1.32)
-0.7003592642848003	-0.04177310070987135	GH114	endo-alpha-1,4-polygalactosaminidase (EC 3.2.1.109)
0.15818824827830186	-0.0058984748357339516	GH115	xylan alpha-1,2-glucuronidase (3.2.1.131); alpha-(4-O-methyl)-glucuronidase (3.2.1.-)
0.025976228373975317	-0.01910073056380582	GH12	endoglucanase (EC 3.2.1.4); xyloglucan hydrolase (EC 3.2.1.151); beta-1,3-1,4-glucanase (EC 3.2.1.73); xyloglucan endotransglycosylase (EC 2.4.1.207)
0.12596955902332488	-0.0022487961971502644	GH125	exo-alpha-1,6-mannosidase (EC 3.2.1.-)
-0.8205508057962457	0.32282470637706046	GH127	beta-L-arabinofuranosidase (EC 3.2.1.185); 3-C-carboxy-5-deoxy-L-xylose (aceric acid) hydrolase (EC 3.2.1.-)
-0.017275628763925795	-0.02972221428360858	GH128	beta-1,3-glucanase (EC 3.2.1.39)
0.009221582541631402	0.0010536705076801954	GH13	alpha-amylase (EC 3.2.1.1); pullulanase (EC 3.2.1.41); cyclomaltodextrin glucanotransferase (EC 2.4.1.19); cyclomaltodextrinase (EC 3.2.1.54); trehalose-6-phosphate hydrolase (EC 3.2.1.93); oligo-alpha-glucosidase (EC 3.2.1.10); maltogenic amylase (EC 3.2.1.133); neopullulanase (EC 3.2.1.135); alpha-glucosidase (EC 3.2.1.20); maltotetraose-forming alpha-amylase (EC 3.2.1.60); isoamylase (EC 3.2.1.68); glucodextranase (EC 3.2.1.70); maltohexaose-forming alpha-amylase (EC 3.2.1.98); maltotriose-forming alpha-amylase (EC 3.2.1.116); branching enzyme (EC 2.4.1.18); trehalose synthase (EC 5.4.99.16); 4-alpha-glucanotransferase (EC 2.4.1.25); maltopentaose-forming alpha-amylase (EC 3.2.1.-) ; amylosucrase (EC 2.4.1.4) ; sucrose phosphorylase (EC 2.4.1.7); malto-oligosyltrehalose trehalohydrolase (EC 3.2.1.141); isomaltulose synthase (EC 5.4.99.11); malto-oligosyltrehalose synthase (EC 5.4.99.15); amylo-alpha-1,6-glucosidase (EC 3.2.1.33); alpha-1,4-glucan: phosphate alpha-maltosyltransferase (EC 2.4.99.16); 6'-P-sucrose phosphorylase (EC 2.4.1.-); amino acid transporter
-0.6711248440389975	-0.050118668359868265	GH13_1	NA
0.009221582541631402	0.0010536705076801954	GH13_25	NA
0.4976011850603716	0.29185969985029225	GH13_3	NA
0.009221582541631402	0.0010536705076801954	GH13_40	NA
0.009221582541631402	0.0010536705076801954	GH13_8	NA
0.15818824827830186	-0.0058984748357339516	GH132	Activity on beta-1,3-glucan (curdlan) shown for the Aspergillus fumigatus Sun4 protein; activity on laminarioligosaccharides shown for Aspergillus fumigatus Sun4 protein and Candida albicans Sun41 protein; transglycosylation activity reported in PMID 23508952.
0.15818824827830186	-0.0058984748357339516	GH133	amylo-alpha-1,6-glucosidase (EC 3.2.1.33);
-0.8501908735093983	0.6767360307438541	GH134	endo-beta-1,4-mannanase (EC 3.2.1.78);
-0.8205508057962457	0.32282470637706046	GH142	beta-L-arabinofuranosidase (EC 3.2.1.185)
-0.16931470607440657	-0.055764920144790696	GH15	glucoamylase (EC 3.2.1.3); glucodextranase (EC 3.2.1.70); alpha,alpha-trehalase (EC 3.2.1.28); dextran dextrinase (EC 2.4.1.2)
0.1200608183206314	-0.005133466904655988	GH16	xyloglucan:xyloglucosyltransferase (EC 2.4.1.207); keratan-sulfate endo-1,4-beta-galactosidase (EC 3.2.1.103); endo-1,3-beta-glucanase (EC 3.2.1.39); endo-1,3(4)-beta-glucanase (EC 3.2.1.6); licheninase (EC 3.2.1.73); beta-agarase (EC 3.2.1.81); kappa;-carrageenase (EC 3.2.1.83); xyloglucanase (EC 3.2.1.151); endo-beta-1,3-galactanase (EC 3.2.1.181); beta-porphyranase (EC 3.2.1.178); hyaluronidase (EC 3.2.1.35); endo-beta-1,4-galactosidase (EC 3.2.1.-); chitin beta-1,6-glucanosyltransferase (EC 2.4.1.-); endo-beta-1,4-galactosidase (EC 3.2.1.-)
0.14015774976776868	-0.017267658852150744	GH17	glucan endo-1,3-beta-glucosidase (EC 3.2.1.39); glucan 1,3-beta-glucosidase (EC 3.2.1.58); licheninase (EC 3.2.1.73); ABA-specific beta-glucosidase (EC 3.2.1.175); beta-1,3-glucanosyltransglycosylase (EC 2.4.1.-)
0.04636313145248904	-0.020602534805010706	GH18	chitinase (EC 3.2.1.14); lysozyme (EC 3.2.1.17); endo-beta-N-acetylglucosaminidase (EC 3.2.1.96); peptidoglycan hydrolase with endo-beta-N-acetylglucosaminidase specificity (EC 3.2.1.-); Nod factor hydrolase (EC 3.2.1.-); xylanase inhibitor; concanavalin B; narbonin
-0.8501908735093983	0.6767360307438541	GH19	chitinase (EC 3.2.1.14); lysozyme (EC 3.2.1.17)
-0.12697395500234562	0.026216127878833633	GH2	beta-galactosidase (EC 3.2.1.23) ; beta-mannosidase (EC 3.2.1.25); beta-glucuronidase (EC 3.2.1.31); alpha-L-arabinofuranosidase (EC 3.2.1.55); mannosylglycoprotein endo-beta-mannosidase (EC 3.2.1.152); exo-beta-glucosaminidase (EC 3.2.1.165); alpha-L-arabinopyranosidase (EC 3.2.1.-); beta-galacturonidase (EC 3.2.1.-)
-0.03050699102298421	-0.027318556365484595	GH20	beta-hexosaminidase (EC 3.2.1.52); lacto-N-biosidase (EC 3.2.1.140); beta-1,6-N-acetylglucosaminidase) (EC 3.2.1.-); beta-6-SO3-N-acetylglucosaminidase (EC 3.2.1.-)
0.16813421059868497	0.014765104419754429	GH23	lysozyme type G (EC 3.2.1.17); peptidoglycan lyase (EC 4.2.2.n1) also known in the literature as peptidoglycan lytic transglycosylase; chitinase (EC 3.2.1.14)
-0.5896560678778174	-0.30095379161871627	GH24	lysozyme (EC 3.2.1.17)
-0.29111162121846473	-0.06609235318516989	GH25	lysozyme (EC 3.2.1.17)
-0.7774739457232871	0.18496983096222283	GH26	beta-mannanase (EC 3.2.1.78); exo-beta-1,4-mannobiohydrolase (EC 3.2.1.100); beta-1,3-xylanase (EC 3.2.1.32); lichenase / endo-beta-1,3-1,4-glucanase (EC 3.2.1.73); mannobiose-producing exo-beta-mannanase (EC 3.2.1.-)
-0.6089487584053798	-0.009416924123286199	GH27	alpha-galactosidase (EC 3.2.1.22); alpha-N-acetylgalactosaminidase (EC 3.2.1.49); isomalto-dextranase (EC 3.2.1.94); beta-L-arabinopyranosidase (EC 3.2.1.88); galactan:galactan galactosyltransferase (EC 2.4.1.-)
-0.04521994083948941	0.0012813438377692727	GH28	polygalacturonase (EC 3.2.1.15); alpha-L-rhamnosidase (EC 3.2.1.40); exo-polygalacturonase (EC 3.2.1.67); exo-polygalacturonosidase (EC 3.2.1.82); rhamnogalacturonase (EC 3.2.1.171); rhamnogalacturonan alpha-1,2-galacturonohydrolase (EC 3.2.1.173); endo-xylogalacturonan hydrolase (EC 3.2.1.-)
0.625213957536837	0.1278280089874911	GH29	alpha-L-fucosidase (EC 3.2.1.51); alpha-1,3/1,4-L-fucosidase (EC 3.2.1.111)
0.08324248591803014	3.23158289361699e-5	GH3	beta-glucosidase (EC 3.2.1.21); xylan 1,4-beta-xylosidase (EC 3.2.1.37); beta-glucosylceramidase (EC 3.2.1.45); beta-N-acetylhexosaminidase (EC 3.2.1.52); alpha-L-arabinofuranosidase (EC 3.2.1.55); glucan 1,3-beta-glucosidase (EC 3.2.1.58); glucan 1,4-beta-glucosidase (EC 3.2.1.74); isoprimeverose-producing oligoxyloglucan hydrolase (EC 3.2.1.120); coniferin beta-glucosidase (EC 3.2.1.126); exo-1,3-1,4-glucanase (EC 3.2.1.-); beta-N-acetylglucosaminide phosphorylases (EC 2.4.1.-)
-0.3138256703608782	0.0020917100602138305	GH30	endo-beta-1,4-xylanase (EC 3.2.1.8); beta-glucosidase (3.2.1.21); beta-glucuronidase (EC 3.2.1.31); beta-xylosidase (EC 3.2.1.37); beta-fucosidase (EC 3.2.1.38); glucosylceramidase (EC 3.2.1.45); beta-1,6-glucanase (EC 3.2.1.75); glucuronoarabinoxylan endo-beta-1,4-xylanase (EC 3.2.1.136); endo-beta-1,6-galactanase (EC:3.2.1.164); [reducing end] beta-xylosidase (EC 3.2.1.-)
-0.3138256703608782	0.0020917100602138305	GH30_3	NA
-0.7010968049905162	0.05938179009720581	GH30_5	NA
-0.7010968049905162	0.05938179009720581	GH30_7	NA
0.152361172017535	0.021033852069119053	GH31	alpha-glucosidase (EC 3.2.1.20); alpha-galactosidase (EC 3.2.1.22); alpha-mannosidase (EC 3.2.1.24); alpha-1,3-glucosidase (EC 3.2.1.84); sucrase-isomaltase (EC 3.2.1.48) (EC 3.2.1.10); alpha-xylosidase (EC 3.2.1.177); alpha-glucan lyase (EC 4.2.2.13); isomaltosyltransferase (EC 2.4.1.-); oligosaccharide alpha-1,4-glucosyltransferase (EC 2.4.1.161); sulfoquinovosidase (EC 3.2.1.-)
-0.3159141883837301	-0.03174921132587946	GH32	invertase (EC 3.2.1.26); endo-inulinase (EC 3.2.1.7); beta-2,6-fructan 6-levanbiohydrolase (EC 3.2.1.64); endo-levanase (EC 3.2.1.65); exo-inulinase (EC 3.2.1.80); fructan beta-(2,1)-fructosidase/1-exohydrolase (EC 3.2.1.153); fructan beta-(2,6)-fructosidase/6-exohydrolase (EC 3.2.1.154); sucrose:sucrose 1-fructosyltransferase (EC 2.4.1.99); fructan:fructan 1-fructosyltransferase (EC 2.4.1.100); sucrose:fructan 6-fructosyltransferase (EC 2.4.1.10); fructan:fructan 6G-fructosyltransferase (EC 2.4.1.243); levan fructosyltransferase (EC 2.4.1.-); [retaining] sucrose:sucrose 6-fructosyltransferase (6-SST) (EC 2.4.1.-); cycloinulo-oligosaccharide fructanotransferase (EC 2.4.1.-)
0.49801777977978556	-0.04393713711817941	GH33	sialidase or neuraminidase (EC 3.2.1.18); trans-sialidase (EC 2.4.1.-); anhydrosialidase (EC 4.2.2.15); Kdo hydrolase (EC 3.2.1.-); 2-keto-3-deoxynononic acid hydrolase / KDNase (EC 3.2.1.-)
0.1356259384781512	-0.04831758967500435	GH35	beta-galactosidase (EC 3.2.1.23); exo-beta-glucosaminidase (EC 3.2.1.165); exo-beta-1,4-galactanase (EC 3.2.1.-); beta-1,3-galactosidase (EC 3.2.1.-)
0.13308705157883183	-0.023644031781058197	GH36	alpha-galactosidase (EC 3.2.1.22); alpha-N-acetylgalactosaminidase (EC 3.2.1.49); stachyose synthase (EC 2.4.1.67); raffinose synthase (EC 2.4.1.82)
-0.04210687514216863	-0.026953817337900764	GH37	alpha,alpha-trehalase (EC 3.2.1.28).
0.0766155193522176	0.009875022410493891	GH38	alpha-mannosidase (EC 3.2.1.24); mannosyl-oligosaccharide alpha-1,2-mannosidase (EC 3.2.1.113); mannosyl-oligosaccharide alpha-1,3-1,6-mannosidase (EC 3.2.1.114); alpha-2-O-mannosylglycerate hydrolase (EC 3.2.1.170); mannosyl-oligosaccharide alpha-1,3-mannosidase (EC 3.2.1.-)
-0.6976929222589234	-0.02417048475831395	GH39	alpha-L-iduronidase (EC 3.2.1.76); beta-xylosidase (EC 3.2.1.37).
-0.8060961517337902	0.15023178884342842	GH4	maltose-6-phosphate glucosidase (EC 3.2.1.122); alpha-glucosidase (EC 3.2.1.20); alpha-galactosidase (EC 3.2.1.22); 6-phospho-beta-glucosidase (EC 3.2.1.86); alpha-glucuronidase (EC 3.2.1.139); alpha-galacturonase (EC 3.2.1.67); palatinase (EC 3.2.1.-)
-0.21875759686472118	0.023172369404945894	GH43	beta-xylosidase (EC 3.2.1.37); alpha-L-arabinofuranosidase (EC 3.2.1.55); arabinanase (EC 3.2.1.99); xylanase (EC 3.2.1.8); galactan 1,3-beta-galactosidase  (EC 3.2.1.145); alpha-1,2-L-arabinofuranosidase (EC 3.2.1.-); exo-alpha-1,5-L-arabinofuranosidase (EC 3.2.1.-); [inverting] exo-alpha-1,5-L-arabinanase (EC 3.2.1.-); beta-1,3-xylosidase (EC 3.2.1.-)
-0.719564594495974	0.10357677816202174	GH43_11	NA
-0.7774739457232871	0.18496983096222283	GH43_13	NA
-0.7375926157400884	0.08952454298166429	GH43_14	NA
-0.3311776458414633	0.022100392212119655	GH43_21	NA
-0.8501908735093983	0.6767360307438541	GH43_24	NA
-0.8214085282001842	0.3238767216110725	GH43_29	NA
-0.772556639482255	0.21036553899819843	GH43_30	NA
-0.25239596421951366	0.010555502894549465	GH43_34	NA
-0.3986832849481237	0.20375840015076654	GH43_36	NA
-0.38466823934330513	-0.019496892056351658	GH45	endoglucanase (EC 3.2.1.4)
0.13392808668084494	-0.005785359113769847	GH47	alpha-mannosidase (EC 3.2.1.113)
0.44398864541491306	-0.017770440018275626	GH49	dextranase (EC 3.2.1.11); isopullulanase (EC 3.2.1.57); dextran 1,6-alpha-isomaltotriosidase (EC 3.2.1.95).
-0.012003111158643144	0.0035434914986159343	GH5	endo-beta-1,4-glucanase / cellulase (EC 3.2.1.4); endo-beta-1,4-xylanase (EC 3.2.1.8); beta-glucosidase (EC 3.2.1.21); beta-mannosidase (EC 3.2.1.25); beta-glucosylceramidase (EC 3.2.1.45); glucan beta-1,3-glucosidase (EC 3.2.1.58); licheninase (EC 3.2.1.73); exo-beta-1,4-glucanase / cellodextrinase (EC 3.2.1.74); glucan endo-1,6-beta-glucosidase (EC 3.2.1.75); mannan endo-beta-1,4-mannosidase (EC 3.2.1.78); cellulose beta-1,4-cellobiosidase (EC 3.2.1.91); steryl beta-glucosidase (EC 3.2.1.104); endoglycoceramidase (EC 3.2.1.123); chitosanase (EC 3.2.1.132); beta-primeverosidase (EC 3.2.1.149); xyloglucan-specific endo-beta-1,4-glucanase (EC 3.2.1.151); endo-beta-1,6-galactanase (EC 3.2.1.164); hesperidin 6-O-alpha-L-rhamnosyl-beta-glucosidase (EC 3.2.1.168); beta-1,3-mannanase (EC 3.2.1.-); arabinoxylan-specific endo-beta-1,4-xylanase (EC 3.2.1.-); mannan transglycosylase (EC 2.4.1.-)
-0.012003111158643144	0.0035434914986159343	GH5_12	NA
-0.6794552149090043	-0.02509970890939473	GH5_15	NA
-0.78924816710587	0.17909582645794378	GH5_22	NA
-0.29625014745303846	-0.049160900691172876	GH5_24	NA
NaN	NaN	GH5_27	NA
-0.6794552149090043	-0.02509970890939473	GH5_31	NA
-0.012003111158643144	0.0035434914986159343	GH5_5	NA
0.006305704496685898	0.0537565033291765	GH5_7	NA
-0.012003111158643144	0.0035434914986159343	GH5_9	NA
-0.8501908735093983	0.6767360307438541	GH51	endoglucanase (EC 3.2.1.4); endo-beta-1,4-xylanase (EC 3.2.1.8); beta-xylosidase (EC 3.2.1.37); alpha-L-arabinofuranosidase (EC 3.2.1.55)
-0.489554569522263	0.09297646740095372	GH54	alpha-L-arabinofuranosidase (EC 3.2.1.55); beta-xylosidase (EC 3.2.1.37).
-0.043481634820184904	-0.03560771444600696	GH55	exo-beta-1,3-glucanase (EC 3.2.1.58); endo-beta-1,3-glucanase (EC 3.2.1.39)
-0.03074420115728261	0.03950368493363639	GH6	endoglucanase (EC 3.2.1.4); cellobiohydrolase (EC 3.2.1.91)
-0.5848730898560394	0.155814670018034	GH62	alpha-L-arabinofuranosidase (EC 3.2.1.55)
0.15511761421295128	0.012032678320607509	GH63	processing alpha-glucosidase (EC 3.2.1.106); alpha-1,3-glucosidase (EC 3.2.1.84); alpha-glucosidase (EC 3.2.1.20); mannosylglycerate alpha-mannosidase / mannosylglycerate hydrolase (EC 3.2.1.170)
-0.10013431276222863	0.012224378206545358	GH64	beta-1,3-glucanase (EC 3.2.1.39)
-0.004028600802843287	-0.03578499118794784	GH65	alpha,alpha-trehalase (EC 3.2.1.28); maltose phosphorylase (EC 2.4.1.8); trehalose phosphorylase (EC 2.4.1.64); kojibiose phosphorylase (EC 2.4.1.230); trehalose-6-phosphate phosphorylase (EC 2.4.1.216); nigerose phosphorylase (EC 2.4.1.279); 3-O-alpha-glucopyranosyl-L-rhamnose phosphorylase (EC 2.4.1.282); 2-O-alpha-glucopyranosylglycerol: phosphate beta-glucosyltransferase (EC 2.4.1.-); alpha-glucosyl-1,2-beta-galactosyl-L-hydroxylysine alpha-glucosidase (EC 3.2.1.107)
0.06884239364033211	0.07028500950465989	GH67	alpha-glucuronidase (EC 3.2.1.139); xylan alpha-1,2-glucuronidase (EC 3.2.1.131)
-0.020403274493368855	0.0660625711470349	GH7	endo-beta-1,4-glucanase (EC 3.2.1.4); reducing end-acting cellobiohydrolase (EC 3.2.1.176); chitosanase (EC 3.2.1.132); endo-beta-1,3-1,4-glucanase (EC 3.2.1.73)
-0.036090641448794	-0.017989011146067737	GH71	alpha-1,3-glucanase (EC 3.2.1.59).
0.08779005571713466	-0.0022561604982625754	GH72	beta-1,3-glucanosyltransglycosylase (EC 2.4.1.-)
-0.3443970275444028	0.12222149892605814	GH74	endoglucanase (EC 3.2.1.4); oligoxyloglucan reducing end-specific cellobiohydrolase (EC 3.2.1.150); xyloglucanase (EC 3.2.1.151)
-0.1963219471628018	-0.004100460136140756	GH75	chitosanase (EC 3.2.1.132)
0.08513759225102265	-0.009428775032276241	GH76	alpha-1,6-mannanase (EC 3.2.1.101)
-0.639093774621907	0.16860439399194968	GH78	alpha-L-rhamnosidase (EC 3.2.1.40); rhamnogalacturonan alpha-L-rhamnohydrolase (EC 3.2.1.174); L-Rhap-alpha-1,3-D-Apif -specific alpha-1,3-L-rhamnosidase (EC 3.2.1.-)
-0.14254134027115764	-0.026142061524288468	GH79	beta-glucuronidase (EC 3.2.1.31); hyaluronoglucuronidase (EC 3.2.1.36); heparanase (EC 3.2.1.166); baicalin beta-glucuronidase (EC 3.2.1.167); beta-4-O-methyl-glucuronidase (EC 3.2.1.-)
0.10328826059404109	-0.01191868339904993	GH81	endo-beta-1,3-glucanase (EC 3.2.1.39)
0.07560155814206031	0.06711921029714157	GH88	d-4,5-unsaturated beta-glucuronyl hydrolase (EC 3.2.1.-)
0.030729903683352554	-0.020565881279149958	GH89	alpha-N-acetylglucosaminidase (EC 3.2.1.50)
0.625213957536837	0.1278280089874911	GH9	endoglucanase (EC 3.2.1.4); endo-beta-1,3(4)-glucanase / lichenase-laminarinase (EC 3.2.1.6);  beta-glucosidase (EC 3.2.1.21); lichenase / endo-beta-1,3-1,4-glucanase (EC 3.2.1.73); exo-beta-1,4-glucanase / cellodextrinase (EC 3.2.1.74); cellobiohydrolase (EC 3.2.1.91); xyloglucan-specific endo-beta-1,4-glucanase / endo-xyloglucanase (EC 3.2.1.151); exo-beta-glucosaminidase (EC 3.2.1.165)
0.025204094062233662	-0.02476385879786044	GH92	mannosyl-oligosaccharide alpha-1,2-mannosidase (EC 3.2.1.113); mannosyl-oligosaccharide alpha-1,3-mannosidase (EC 3.2.1.-);
-0.07317239898820835	0.07016450508417119	GH93	exo-alpha-L-1,5-arabinanase (EC 3.2.1.-)
-0.1395050219672638	-0.03423885334650354	GH95	alpha-L-fucosidase (EC 3.2.1.51); alpha-1,2-L-fucosidase (EC 3.2.1.63); alpha-L-galactosidase (EC 3.2.1.-)
-0.8501908735093983	0.6767360307438541	GH99	glycoprotein endo-alpha-1,2-mannosidase (EC 3.2.1.130); mannan endo-1,2-alpha-mannanase (3.2.1.-)
0.09391880733747585	-0.009561595055056429	GT0	Glycosyltransferases not yet assigned to a family
0.012078086550649871	-0.014646025047011672	GT1	UDP-glucuronosyltransferase (EC 2.4.1.17); zeatin O-beta-xylosyltransferase (EC 2.4.2.40); 2-hydroxyacylsphingosine 1-beta-galactosyltransferase (EC 2.4.1.45); N-acylsphingosine galactosyltransferase (EC 2.4.1.47); flavonol 3-O-glucosyltransferase (EC 2.4.1.91); anthocyanidin 3-O-glucosyltransferase (EC 2.4.1.115); sinapate 1-glucosyltransferase (EC 2.4.1.120); indole-3-acetate beta-glucosyltransferase (EC 2.4.1.121); flavonol L-rhamnosyltransferase (EC 2.4.1.159); sterol glucosyltransferase (EC 2.4.1.173); UDP-Glc: 4-hydroxybenzoate 4-O-beta-glucosyltransferase (EC 2.4.1.194); zeatin O-beta-glucosyltransferase (EC 2.4.1.203); limonoid glucosyltransferase (EC 2.4.1.210); UDP-GlcA: baicalein 7-O-beta-glucuronosyltransferase (EC 2.4.1.253); UDP-Glc: chalcone 4â€²-O-beta-glucosyltransferase (EC 2.4.1.286); ecdysteroid UDP-glucosyltransferase (EC 2.4.1.-); salicylic acid beta-glucosyltransferase (EC 2.4.1.-); anthocyanin 3-O-galactosyltransferase (EC 2.4.1.-); anthocyanin 5-O-glucosyltransferase (EC 2.4.1.-); dTDP-beta-2-deoxy-L-fucose: alpha-L-2-deoxyfucosyltransferase (EC 2.4.1.-); UDP-beta-L-rhamnose: alpha-L-rhamnosyltransferase (EC 2.4.1.-); zeaxanthin glucosyltransferase (EC 2.4.1.-)
0.1402852623853339	-0.024710366892066744	GT15	glycolipid 2-alpha-mannosyltransferase (EC 2.4.1.131); GDP-Man: alpha-1,2-mannosyltransferase (EC 2.4.1.-).
0.0520192621255468	0.023501640946383292	GT17	beta-1,4-mannosyl-glycoprotein beta-1,4-N-acetylglucosaminyltransferase (EC 2.4.1.144).
0.10908614623269768	-0.004876492213955847	GT2	cellulose synthase (EC 2.4.1.12); chitin synthase (EC 2.4.1.16); dolichyl-phosphate beta-D-mannosyltransferase (EC 2.4.1.83); dolichyl-phosphate beta-glucosyltransferase (EC 2.4.1.117); N-acetylglucosaminyltransferase (EC 2.4.1.-); N-acetylgalactosaminyltransferase (EC 2.4.1.-); hyaluronan synthase (EC 2.4.1.212); chitin oligosaccharide synthase (EC 2.4.1.-); beta-1,3-glucan synthase (EC 2.4.1.34); beta-1,4-mannan synthase (EC 2.4.1.-); beta-mannosylphosphodecaprenol-mannooligosaccharide alpha-1,6-mannosyltransferase (EC 2.4.1.199); UDP-Galf: rhamnopyranosyl-N-acetylglucosaminyl-PP-decaprenol beta-1,4/1,5-galactofuranosyltransferase (EC 2.4.1.287); UDP-Galf: galactofuranosyl-galactofuranosyl-rhamnosyl-N-acetylglucosaminyl-PP-decaprenol beta-1,5/1,6-galactofuranosyltransferase (EC 2.4.1.288); dTDP-L-Rha: N-acetylglucosaminyl-PP-decaprenol alpha-1,3-L-rhamnosyltransferase (EC 2.4.1.289)
0.061857283211246464	-0.00663612474191887	GT20	alpha,alpha-trehalose-phosphate synthase [UDP-forming] (EC 2.4.1.15); Glucosylglycerol-phosphate synthase (EC 2.4.1.213); trehalose-6-P phosphatase (EC 3.1.3.12); [retaining] GDP-valeniol: validamine 7-phosphate valeniolyltransferase (EC 2.-.-.-)
0.15818824827830186	-0.0058984748357339516	GT21	UDP-Glc: ceramide beta-glucosyltransferase (EC 2.4.1.80).
0.15418500619287553	-0.009238897458247386	GT22	Dol-P-Man: Man6GlcNAc2-PP-Dol alpha-1,2-mannosyltransferase (EC 2.4.1.259); Dol-P-Man: Man8GlcNAc2-PP-Dol alpha-1,2-mannosyltransferase (EC 2.4.1.261); Dol-P-Man: Man2-GlcNAc-phosphatidylinositol alpha-1,2-mannosyltransferase (EC 2.4.1.-); Dol-P-Man: Man3-GlcNAc-phosphatidylinositol alpha-1,2-mannosyltransferase (EC 2.4.1.-)
0.15818824827830186	-0.0058984748357339516	GT24	UDP-Glc: glycoprotein alpha-glucosyltransferase (EC 2.4.1.-).
1.8939641313808227e-4	-0.11051589087932409	GT25	lipopolysaccharide beta-1,4-galactosyltransferase (EC 2.4.1.-); beta-1,3-glucosyltransferase (EC 2.4.1.-); beta-1,2-glucosyltransferase (EC 2.4.1.-); beta-1,2-galactosyltransferase (EC 2.4.1.-); LPS beta-1,4-galactosyltransferase (EC 2.4.1.-); occidiofungin beta-xylosyltransferase (EC 2.4.2.-); UDP-Gal:procollagen beta-galactosyltransferase (EC 2.4.1.50)
-0.6027991241539221	-0.1318059139449359	GT28	1,2-diacylglycerol 3-beta-galactosyltransferase (EC 2.4.1.46); 1,2-diacylglycerol 3-beta-glucosyltransferase (EC 2.4.1.157);  UDP-GlcNAc: Und-PP-MurAc-pentapeptide beta-N-acetylglucosaminyltransferase (EC 2.4.1.227); digalactosyldiacylglycerol synthase (EC 2.4.1.241)
0.15818824827830186	-0.0058984748357339516	GT3	glycogen synthase (EC 2.4.1.11).
0.1290232247881025	0.0027876207185861257	GT30	CMP-beta-KDO: alpha-3-deoxy-D-manno-octulosonic-acid (KDO) transferase (EC 2.4.99.-).
-0.061761522500658965	-0.01761769545538843	GT31	N-acetyllactosaminide beta-1,3-N-acetylglucosaminyltransferase (EC 2.4.1.149); Glycoprotein-N-acetylgalactosamine 3-beta-galactosyltransferase (EC 2.4.1.122); fucose-specific beta-1,3-N-acetylglucosaminyltransferase (EC 2.4.1.-); globotriosylceramide beta-1,3-GalNAc transferase (EC 2.4.1.79); chondroitin synthase (beta-1,3-GlcUA and beta-1,4-GalNAc transferase (EC 2.4.1.175); chondroitin beta-1,3-glucuronyltransferase (EC 2.4.1.226); chondroitin beta-1,4-N-acetylgalactosaminyltransferase (EC 2.4.1.-); UDP-Gal: beta-galactosylxylosylprotein beta-1,3-galactosyltransferase (EC 2.4.1.134); UDP-GlcNAc: O-fucosylpeptide beta-1,3-N-acetylglucosaminyltransferase (EC 2.4.1.222)
-0.11058182327503814	0.006970081816516449	GT32	alpha-1,6-mannosyltransferase (EC 2.4.1.-); alpha-1,4-N-acetylglucosaminyltransferase (EC 2.4.1.-); alpha-1,4-N-acetylgalactosaminyltransferase (EC 2.4.1.-);
0.1365702528246475	-0.025763914702998558	GT33	GDP-Man: chitobiosyldiphosphodolichol beta-mannosyltransferase (EC 2.4.1.142).
0.16779326812872516	0.002116235469907635	GT34	UDP-Gal: galactomannan alpha-1,6-galactosyltransferase (EC 2.4.1.-); UDP-Xyl: xyloglucan alpha-1,6-xylosyltransferase (EC 2.4.2.39); alpha-1,2-galactosyltransferase (EC 2.4.1.-)
0.15818824827830186	-0.0058984748357339516	GT35	glycogen or starch phosphorylase (EC 2.4.1.1).
0.15818824827830186	-0.0058984748357339516	GT39	Dol-P-Man: protein alpha-mannosyltransferase (EC 2.4.1.109)
0.13099297874596139	-0.009604055644985962	GT4	sucrose synthase (EC 2.4.1.13); sucrose-phosphate synthase (EC 2.4.1.14); alpha-glucosyltransferase (EC 2.4.1.52); lipopolysaccharide N-acetylglucosaminyltransferase (EC 2.4.1.56); phosphatidylinositol alpha-mannosyltransferase (EC 2.4.1.57); GDP-Man: Man1GlcNAc2-PP-dolichol alpha-1,3-mannosyltransferase (EC 2.4.1.132); GDP-Man: Man3GlcNAc2-PP-dolichol/Man4GlcNAc2-PP-dolichol alpha-1,2-mannosyltransferase (EC 2.4.1.131); digalactosyldiacylglycerol synthase (EC 2.4.1.141); 1,2-diacylglycerol 3-glucosyltransferase (EC 2.4.1.157);  diglucosyl diacylglycerol synthase (EC 2.4.1.208); trehalose phosphorylase (EC 2.4.1.231); NDP-Glc: alpha-glucose alpha-glucosyltransferase / alpha,alpha-trehalose synthase (EC 2.4.1.245); GDP-Man: Man2GlcNAc2-PP-dolichol alpha-1,6-mannosyltransferase (EC 2.4.1.257); UDP-GlcNAc: 2-deoxystreptamine alpha-N-acetylglucosaminyltransferase (EC 2.4.1.283); UDP-GlcNAc: ribostamycin alpha-N-acetylglucosaminyltransferase (EC 2.4.1.285); UDP-Gal alpha-galactosyltransferase (EC 2.4.1.-); UDP-Xyl alpha-xylosyltransferase (EC 2.4.2.-); UDP-GlcA alpha-glucuronyltransferase (EC 2.4.1.-); UDP-Glc alpha-glucosyltransferase (EC 2.4.1.-); UDP-GalNAc: GalNAc-PP-Und alpha-1,3-N-acetylgalactosaminyltransferase (EC 2.4.1.306); UDP-GalNAc: N,N'-diacetylbacillosaminyl-PP-Und alpha-1,3-N-acetylgalactosaminyltransferase (EC 2.4.1.290); ADP-dependent alpha-maltose-1-phosphate synthase (2.4.1.342)
0.19013454065990076	-0.02752490584151691	GT41	UDP-GlcNAc: peptide beta-N-acetylglucosaminyltransferase (EC 2.4.1.255); UDP-Glc: peptide N-beta-glucosyltransferase (EC 2.4.1.-)
0.5467359972503343	0.05980782635839112	GT43	beta-glucuronyltransferase (EC 2.4.1.135); UDP-Xyl: xylan  beta-1,4-xylosyltransferase (EC 2.4.2.-)
0.11940456623921296	-0.008038281947735695	GT48	1,3-beta-glucan synthase (EC 2.4.1.34)
0.15818824827830186	-0.0058984748357339516	GT50	Dol-P-Man alpha-1,4-mannosyltransferase (EC 2.4.1.-)
-0.5850513709537678	-0.3232249408307355	GT54	UDP-GlcNAc: alpha-1,3-D-mannoside beta-1,4-N-acetylglucosaminyltransferase (EC 2.4.1.145)
0.07725495911218135	-0.01699243083727933	GT57	Dol-P-Glc: alpha-1,3-glucosyltransferase (EC 2.4.1.-)
0.15818824827830186	-0.0058984748357339516	GT58	Dol-P-Man: Man5GlcNAc2-PP-Dol alpha-1,3-mannosyltransferase (EC 2.4.1.258)
0.15818824827830186	-0.0058984748357339516	GT59	Dol-P-Glc: Glc2Man9GlcNAc2-PP-Dol alpha-1,2-glucosyltransferase (EC 2.4.1.256)
0.49443586945759854	0.059069057856697714	GT61	beta-1,2-xylosyltransferase (EC 2.4.2.38) ; protein O-beta-N-acetylglucosaminyltransferase (EC 2.4.1.94) ; xylan alpha-1,3-arabinofuranosyltransferase (EC 2.4.2.-) ;
0.14585933444051027	-0.006578696416727061	GT62	alpha-1,2-mannosyltransferase (EC 2.4.1.-); alpha-1,6-mannosyltransferase (EC 2.4.1.-)
0.14335243375182063	-0.010146509305677006	GT64	UDP-GlcNAc: heparan alpha-N-acetylhexosaminyltransferase (EC 2.4.1.224)
0.15818824827830186	-0.0058984748357339516	GT66	dolichyl-diphosphooligosaccharideâ€”protein glycotransferase (EC 2.4.99.18); undecaprenyl-diphosphooligosaccharideâ€”protein glycotransferase (EC 2.4.99.19)
0.0970816924263439	-0.00849858462204463	GT69	GDP-Man: alpha-1,3-mannosyltransferase (EC 2.4.1.-)
0.15818824827830186	-0.0058984748357339516	GT7	lactose synthase (EC 2.4.1.22); beta-N-acetylglucosaminyl-glycopeptide beta-1,4-galactosyltransferase (EC 2.4.1.38); N-acetyllactosamine synthase (EC 2.4.1.90); xylosylprotein beta-4-galactosyltransferase (EC 2.4.1.133); UDP-Gal: neolactotriaosylceramide beta-1,4-galactosyltransferase (EC 2.4.1.275); beta-1,4-N-acetylglucosaminyltransferase (EC 2.4.1.-)
-0.6951870891563439	0.05154748315842242	GT71	alpha-mannosyltransferase (EC 2.4.1.-)
0.17697782459904915	-0.015172497256719115	GT76	Dol-P-Man: alpha-1,6-mannosyltransferase (EC 2.4.1.-)
-0.005980624858204433	-0.01950552316368186	GT8	lipopolysaccharide alpha-1,3-galactosyltransferase (EC 2.4.1.44);  UDP-Glc: (glucosyl)lipopolysaccharide alpha-1,2-glucosyltransferase (EC 2.4.1.-); lipopolysaccharide glucosyltransferase 1 (EC 2.4.1.58); glycogenin glucosyltransferase (EC 2.4.1.186); inositol 1-alpha-galactosyltransferase (galactinol synthase) (EC 2.4.1.123); homogalacturonan alpha-1,4-galacturonosyltransferase (EC 2.4.1.43); UDP-GlcA: xylan alpha-glucuronyltransferase (EC 2.4.1.-)
-0.8501908735093983	0.6767360307438541	GT83	undecaprenyl phosphate-alpha-L-Ara4N: 4-amino-4-deoxy-beta-L-arabinosyltransferase (EC 2.4.2.43); dodecaprenyl phosphate-beta-galacturonic acid: lipopolysaccharide core alpha-galacturonosyl transferase (EC 2.4.1.-)
0.2035882458465727	0.026024121174096103	GT87	polyprenol-P-Man: alpha-1,2-mannosyltransferase (EC 2.4.1.-)
-0.6031561362430929	-0.1308497274345381	GT9	lipopolysaccharide N-acetylglucosaminyltransferase (EC 2.4.1.56); heptosyltransferase (EC 2.4.-.-).
0.08370398801194882	0.0026937247712734676	GT90	UDP-Xyl: (mannosyl) glucuronoxylomannan/galactoxylomannan beta-1,2-xylosyltransferase (EC 2.4.2.-); UDP-Glc: protein O-beta-glucosyltransferase (EC 2.4.1.-); UDP-Xyl: protein O-beta-xylosyltransferase (EC 2.4.2.-)
0.4921003606523879	0.11267099864533321	PL1	pectate lyase (EC 4.2.2.2); exo-pectate lyase (EC 4.2.2.9); pectin lyase (EC 4.2.2.10).
0.4921003606523879	0.11267099864533321	PL1_2	NA
0.4921003606523879	0.11267099864533321	PL1_4	NA
-0.7821894932481916	0.19118877598491504	PL11	rhamnogalacturonan endolyase (EC 4.2.2.23); rhamnogalacturonan exolyase (EC 4.2.2.24)
-0.6558599912851173	-0.09147252279351858	PL20	endo-beta-1,4-glucuronan lyase (EC 4.2.2.14)
NaN	NaN	PL3	pectate lyase (EC 4.2.2.2).
-0.4566269777090491	-0.06644900969698125	PL7	poly(beta-mannuronate) lyase / M-specific alginate lyase (EC 4.2.2.3); alpha-L-guluronate lyase / G-specific alginate lyase (EC 4.2.2.11); poly-(MG)-lyase / MG-specific alginate lyase (EC 4.2.2.-)
-0.11588337119327811	-0.028614752898797852	PL7_4	NA
-0.03777505521811346	-0.07536974678687529	PL8	hyaluronate lyase (EC 4.2.2.1); chondroitin AC lyase (EC 4.2.2.5); xanthan lyase (EC 4.2.2.12); chondroitin ABC lyase (EC 4.2.2.20)
